ID,标题,日期
157806,FC2PPV-4877925丝袜装的超性感女秘书现场穿着性爱,04-14
157805,FC2PPV-4877823因丈夫出轨离婚的前主妇卸下负担释放多年累积的情欲狂飙离婚后的解脱感尽情享受,04-14
157804,FC2PPV-4877417首拍关西口音真诱人两年后的性爱狂震射精瘦长美女沉溺于欢愉的坠落无法忍受大量内射,04-14
157803,FC2PPV-4877415无纯新人湿身她脸蛋和身材都超级可爱女大学生在社团前被大叔的粗大棒子狠狠插入痛苦喘息的模样让人无法忽视,04-14
157802,FC2PPV-4877403露脸真实女孩前来尝试性爱活动案例127穿着女仆装的她比猫咪咖啡店的小姐姐更高级完美身材的铃子酱20岁,04-14
157801,FC2PPV-4877068受虐癖女性被全身涂鸦羞辱性话语在最爱的主人面前接受惩罚,04-14
157800,FC2PPV-4877055首秀F罩杯金融界美女学长周末佩戴遥控震动器在颤抖中极度兴奋老司机连续射精引发痉挛满是爱液的敏感阴部被充分灌注,04-14
157798,FC2PPV-4876679小美人鱼水淋自慰超级爱做爱的纤细美少女里德卡皮特安妮与鲸鱼姐姐穿着性感内衣全情投入汁液满满的自慰,04-14
157797,FC2PPV-4876387私摄户外展示长真美惊人相似再次超级美女妻子午后阳台吞弄棒茎强力撞击路人一览无遗,04-14
157796,FC2PPV-4876352面部模糊集秋田美女妻子为了防止逃跑而被关起来的私密派对后的拍摄面部模糊完整版,04-14
157795,FC2PPV-4874430最终集限时发售无法停止的快乐地狱玩具三攻敏感私处Bikubiku痉挛背面高压活塞啊啊啊用力插入快点抓,04-14
157794,FC2PPV-4874414初次体验男子仅一人上个月还是处女的越南少女笑容如天使般可爱反应激烈导致我无法停止勃起疯狂地让她怀孕并射精,04-14
157793,FC2PPV-4874118无雪白肌肤F罩杯美人樱般的可爱总是笑容满面地享受着性爱的感觉最棒的是她那大舌头的淫荡口交导致面部喷射和内射,04-14
157792,FC2PPV-4874090首次拍摄亚裔美女美容师的肤色白皙纤细身材冷静的表情逐渐变得淫荡在坚硬阴茎的刺激下愈发兴奋,04-14
157791,FC2PPV-4870098首播紧急促销历代第一美女无剪辑颜值偏差值达到东大学生水平,04-14
157789,FC2PPV-4869620首次拍摄大胸女大学生听从前辈的吩咐在酒店现场激情性爱毫无保留地被猛烈侵犯敏感私处,04-14
157788,FC2PPV-4869607首映录豪华赠品美丽雪肤长腿钢琴教师羞涩中脸红演绎成熟风情与悦耳喘息声的双重诱惑,04-14
157787,FC2PPV-4869162S级超级可爱的19岁少女热恋温泉约会滚烫的身体包裹着滑腻的阴部享受极致的雪白肌肤体验当然包括现场射精无脸露,04-14
157786,FC2PPV-4869153枫恋19岁JDE罩杯的理智瞬间融化再次大胆求爱无避孕实拍第四弹,04-14
157782,FC2PPV-4865055无剪辑射精与私密温泉偷拍的美乳熟女眼神诱惑至极高潮两次全射入,04-14
157781,FC2PPV-4861270年龄未知首度经验者一人慢热治愈型的肤色白皙大奶直发初男私密处接受脏大叔大量的白色浑浊精液注入,04-14
156061,FC2PPV-4873552少女私密访谈真实笑容洋溢的大胆展示下体讲述自己和生活骑乘位高潮内射,04-12
156077,FC2PPV-4874626日本少年vs金发美女,04-12
156079,FC2PPV-4874684治愈系金色长发瘦美人,04-12
156094,FC2PPV-4876052反强奸狂的超级绝美女主播在酒店进行私拍时女主播的欲望失控被吃掉了,04-12
156100,FC2PPV-4876799美女负债后再次来访的现技师让她明白性指导的意义,04-12
156099,FC2PPV-4876467老师二度课也晚上的学习时间拥有美胸美臀和长腿的性感老师对性欲非常狂热了解玩具品尝高潮的味道无法忍耐内部射精和口腔射精的大,04-12
156098,FC2PPV-4876407高潮喷射美丽臀部初次公开私密地带小泉小姐的密集喘息音连续五种姿势性爱,04-12
156097,FC2PPV-4876324全脸露出得知了一件大事被丈夫发现视频后对方要求见面,04-12
156096,FC2PPV-4876157无法满足就现场射精美女OL挑战七分钟口交和手淫能否让她高潮,04-12
156093,FC2PPV-4875805无半熟独自抚养女儿的单身母亲前来寻求缓解工作疲劳的硬按摩她非常喜欢按摩并且希望强度足够强,04-12
156090,FC2PPV-4875795穿着内衣的湿漉漉三P雪酱好可爱呀摸起来舒服吗两人共享生肉棒性爱交替品尝阴茎面部射精和体内射精雪酱第七章摸酱第二章第三部分,04-12
156089,FC2PPV-4875703连续射精葵小姐视频集限定发布五天强力压制实际上不适合观看的素材,04-12
156088,FC2PPV-4875677无露脸主观视角在公共厕所里欣赏刺激的丰满OL男友无法满足她那令人色眯眯的大屁股在陌生人的棒子下释放欲望,04-12
156087,FC2PPV-4875376庆祝春季入职新人在接触分配部门的上司之前真面目春天成为职场人士身体不行哦完全无视新手,04-12
156086,FC2PPV-487535621岁梦想成为演员的18岁纯黑长发美女有阴毛修长身材尽情射精想为她的梦加油吗含特别福利无剪辑,04-12
156085,FC2PPV-4875309震撼几乎没有男友经验的现代美女在社交媒体上因大屌和活塞运动而高潮连连,04-12
156082,FC2PPV-4874925001小emma20岁轻松俘获大叔的心保留青涩可爱面容与不协调的天然G罩杯大奶让老男人在射精时孕育她作为种马式惩罚,04-12
156081,FC2PPV-4874783寻找已婚三年的20岁美女妻子参加婚友聚会在酒店与无法满足她的丈夫决裂尽情享受与其他男人性爱的乐趣,04-12
156080,FC2PPV-4874767无与四个黑人大叔激情四连发射满足美艳主妇莉安的NTR怀孕硬核五人群交,04-12
156078,FC2PPV-4874669多人游戏可爱就是罪用五根棒子征服柔软天然美女的F罩杯看她笑容满面地献上欢愉,04-12
156076,FC2PPV-4874618无黑人大叔硬插美丽大奶肥臀的美少女mai酱第3集现场直击生射精怀孕性爱,04-12
156075,FC2PPV-4874617无剪辑个人拍摄路上搭讪的妹纸危险乳头是敏感带轻轻一摸就颤巍巍巨震外表纯情却在蜘蛛骑乘位下显得狂野,04-12
156074,FC2PPV-4874545无剪辑超萌笑脸空乘小姐身穿制服的激情性爱满脸高潮极度热爱活塞美女满满精液直射,04-12
156073,FC2PPV-4874397无首男友面前美艳女子拉拉被两个大黑人激烈轮番插满最后承受连续射精的NTR高潮三人深度硬核性爱,04-12
156072,FC2PPV-487437900121岁理奈酱我最想爱的女人No1笑容灿烂的纤细长腿千金JD不顾怀孕的超级甜蜜热恋射精性爱全球公开首部AV作品,04-12
156071,FC2PPV-4874202突然出现像优茶美的超级可爱女高中生莉花对长辈轻视的傲娇男生在无保护措施的情况下射精惩罚,04-12
156070,FC2PPV-4874200梦中的乐园W女神风格出众的两位与奇迹的四人组3P无法忍耐湿吻和魔鬼攻击在双倍高潮中共计射出4次,04-12
156069,FC2PPV-4874163无剪辑超萌新晋美容师21岁E罩杯美胸细腰让她痉挛高潮成为性感美女浓情实锤射精性爱,04-12
156068,FC2PPV-4874149未剪辑谁不想拥有她的S级美女却主动请求被种的美容师在准备接受人工受精的性交过程中意外射精,04-12
156067,FC2PPV-4873991时隔一年回归无射精纤细大奶的珍藏影像撩动男性心弦的短裤长筒袜在浴室换上泳装后享受着禁忌的乐趣进行射精性爱,04-12
156066,FC2PPV-4873983通过社交媒体报名的熟妇完整版,04-12
156065,FC2PPV-4873940无遮掩未露脸中20岁美女挑战射精选拔赛吸吮与乳头刺激尝试征服大叔的棒棒无法口交将接受现场活塞式射精惩罚游戏,04-12
156064,FC2PPV-4873820首次拍摄优雅美少女激情撞击疯狂失控新晋E维女孩在老牌百货公司入职不满一年的珍贵影像,04-12
156063,FC2PPV-4873628未剪辑你更喜欢哪只小妹妹前偶像短期大学生成凉子酱与新宿歌舞伎町人气夜总会女孩冷傲真子酱私藏激情片段,04-12
156060,FC2PPV-4873542高潮射精只有丈夫经验的23岁熟妇用按摩油让无活力的大阴茎最大程度勃起并插入,04-12
156059,FC2PPV-4873541租借美妇人体验一天的亲密时光然后留宿神级风情的抚触户外性爱与Cosplay性爱的大高潮无法自持射精满载的极度满足感,04-12
156058,FC2PPV-4873237双发射豪华赠品过于奢华的女神级丰满身材与摇曳的美丽大胸女揭露未知的真实身份在镜头下首次性爱,04-12
156057,FC2PPV-4873144私摄色情按摩师大奶真空NTR从普通治疗到阴部胸部在极度刺激的按摩下让下半身颤抖的欲望不满的家庭主妇强行插入并射精交配,04-12
156056,FC2PPV-4871866无强烈性欲美少女今天也让你尽情释放不断受到刺激精神亢奋多次全身颤抖高潮开心地咕咚咕咚喝下大量面部喷射连发三次内射,04-12
152938,FC2PPV-4869117特别挖掘新人初次拍摄体验雪白纤细美女敏感高潮痉挛,04-09
152943,FC2PPV-4869773女神风格E罩杯模特儿好久不见了她做了手指插入的私密活动喜欢漂亮的女友无内衣无胸贴,04-09
152949,FC2PPV-4870221清晰瘦长娇涩淫荡女生大学生的交换记录,04-09
152958,FC2PPV-4870769韩国混血儿真我原来我也喜欢被征服高速撞击导致射精高潮市区女性I杯,04-09
152959,FC2PPV-4870825对神秘暗属性的酷美进行不负责任的射精一旦开始她会变得温柔而充满情欲无法忍耐在得到许可后进行繁殖她依然笑容满面,04-09
152965,FC2PPV-4871332无魅力爆棚的可爱外资系OL蕾娜小姐,04-09
152966,FC2PPV-4871379从担保人沦为债务人的33岁熟妇,04-09
152971,FC2PPV-4872003新手麻央20岁温柔的理科二年级学生让其肛交并射精连发高潮,04-09
152972,FC2PPV-4872007被袭击后再次袭击超级喜欢做爱的纤细妹子,04-09
152973,FC2PPV-4872123无美丽大胸臀女郎与两位黑人大叔双人深喉射精真实四人行性爱,04-09
152969,FC2PPV-4871658清晰绝伦的美女娇小身材高速撞击使其怀孕射精现场曝光惊人的素颜大公开,04-09
152968,FC2PPV-4871459首秀雪白纤细老师夜晚的私教课尽情享受美丽胸部翘臀和长腿的魅力老师无法自拔高潮迭起满足至极,04-09
152967,FC2PPV-4871425首秀19岁清纯写真风格美女敏感的身体激烈冲刺达到高潮反复多次痉挛喜欢里面在满溢眼汁的紧缩阴道内射精,04-09
152964,FC2PPV-4871327初次拍摄射精充满M气的雪白丰满身体的大一女生演奏的色情和谐面对真实的阴茎高潮连连,04-09
152963,FC2PPV-4871318不插电口交决定扭转丈夫经营的杂货店困境的家庭主妇在洗澡时突然袭击让她直到高潮都接受了口交服务,04-09
152962,FC2PPV-4870877小希19岁第二次拍摄比上次更苗条了久违的性行为接受中年男子在阴道和肛门内的射精,04-09
152961,FC2PPV-4870876无归来少女真人萨基20岁以60CM假阴茎和魔鬼口交三次高潮全满射入马桶,04-09
152960,FC2PPV-4870849无纯新人清新可爱的32岁单身女性与中年男性激情交缠吞食粗壮大棒直至高潮她痴迷于舔弄挚爱的私处陶醉的表情令人着迷,04-09
152957,FC2PPV-4870671无真的可爱极了拥有美丽胸部和臀部的少女爱酱第6次被带入淫窝进行现场射精性行为,04-09
152954,FC2PPV-4870530偷拍为了挽救丈夫经营的杂货店陷入困境的妻子决定放手一搏在自慰时未曾展现过的高潮表情也全然展露无遗,04-09
152953,FC2PPV-4870474必看初次肛交大屌能插入吗激情高潮满载射精性爱,04-09
152952,FC2PPV-4870360初次体验奇迹般的激烈拍摄大哭流涕泪水与剧痛中的奇迹瞬间真实可见无假原汁原味的初体验摄影零经验新人美女首次时刻独特魅力,04-09
152951,FC2PPV-4870346与广告中的女孩惊人相似她正在和不喜欢的男友同居生活着如果这个视频被男友发现我们可能会分手笑从口水吸吮开始的手淫并射精,04-09
152948,FC2PPV-4870093穿着热裤的诱人白衣少女技巧让大叔高潮连连充分双射两次还有久违的阴道摄像特别版无剪辑和阴道摄像,04-09
152947,FC2PPV-4869941无黑长发大胸x高筒袜轻轻一碰就崩溃的敏感F罩杯美人清纯脸蛋展现过于激烈的口腔技巧导致大量射精,04-09
152946,FC2PPV-4869890浴池肉林同班同学的S级美女组合大尺度群P一硬就迫不及待插入一起高潮吧喜欢哪种姿势无休止连番激战总共七人的精液全部榨干了,04-09
152945,FC2PPV-4869802新手拍摄19岁优雅百货公司的初次拍摄肛交射精另有一段贯穿ATM的特殊角度视频,04-09
152944,FC2PPV-4869801露脸无套中只要射在我身上就好快射精啊娇小纤细的服饰店员阳光笑容下的威胁言语责罚精通深喉口交彻底掌控阴茎,04-09
152942,FC2PPV-4869346无性感炸弹级女学生交谈后发现笑容超可爱喜欢各种色情活动纤细身材和高筒靴美腿喷射高潮干杯内射,04-09
152941,FC2PPV-4869293无藻特别版富山的傲娇JD阿祖沙酱在中间可以吗在犹豫期间连续两次未经确认服用避孕药的内射,04-09
152939,FC2PPV-4869199首部拍摄无射精长出一根乳毛的可爱美女看似害羞但内裤湿透身体诚实恳求让我射在里面,04-09
152937,FC2PPV-4869106震撼某知名网红选种女神降临带入爱酒店揭秘某知名网红的下流行为,04-09
152935,FC2PPV-4868726杰作海米酱的湿润可爱纯真少女私处超级舒服连续射精高潮派对,04-09
152934,FC2PPV-4868478首播梦想开设面包店的专业美女将自制奶油注入肌肤细腻肤色雪白的娇躯中,04-09
152933,FC2PPV-4868456无剪辑美丽大胸x翘臀x处女膜性感身材的千子酱真人实拍,04-09
152932,FC2PPV-4868315无套直射人气排名第一的高挑美女OL以完美身材前来光顾她非常喜欢按摩,04-09
152931,FC2PPV-4868183无一眼看穿她非常喜欢H的诱人目光总是充满欲望地追求各种乐趣的淫荡女人自然卷发狂欢内射,04-09
152929,FC2PPV-4864926无套直射又是一位高挑身材出众的美女白领光临为缓解工作疲劳而来她紧致的身体是回头客中的佼佼者,04-09
152928,FC2PPV-4863449高潮G罩杯不二身材女王的终极惩罚射精作为奖励送给她,04-09
152927,FC2PPV-4862961露脸无保护射精体内矮个子小胸年轻妻子在陌生人的棒下释放情欲连声称赞比丈夫更舒服接受他人性液人工授精,04-09
152926,FC2PPV-4862909害羞但诱惑力十足的19岁美少女模特儿尝试按摩后偷拍了她未剪辑射精,04-09
152925,FC2PPV-4861220性饥渴的纤瘦女大学生初次喷水后的连续高潮最后请求大叔将种子注入体内以实现大量射精,04-09
148875,FC2PPV-4864349超级美女的真官方屌丝清晨醒来被吃鸡巴从浓厚双声道耳朵吸吮到现场射精全部都做了NIKE灰姑娘,04-04
148907,FC2PPV-4869465无女性共享会第11章玩弄短小M男的清纯系OL在眼前堕入巨棒被迫观看浓稠中出不断受辱最后只能让对方在自己臀部射精的NTR绝望结局海外,04-04
148906,FC2PPV-4869417无真的可爱极了的紧实美人爱酱5将她带入房间进行现场射精使她怀孕的性行为,04-04
148905,FC2PPV-4869259私摄户外口交与性爱爆乳淫荡妻子前空姐的肉感身材大奶头辅助平坦阴道这位成熟女性吞弄阴茎骑乘式抽插娇羞表情让人难以抗拒,04-04
148904,FC2PPV-4869209射精顺利且彻底训练的母狗妻子以最高技巧提供服务,04-04
148903,FC2PPV-4869188未剪辑私人拍摄终于约到心仪三十几岁女招待追求成功在男友订婚后仍同意出镜,04-04
148902,FC2PPV-4869095首次拍摄我们是雌性食人者小队用大叔的活塞棒调教18岁的小处女大量喷射高潮后湿透的大阴户内大喷射,04-04
148901,FC2PPV-4868976黑发美女色情上瘾者19岁少女外表清纯却深陷粗暴口交与现场射精无法自拔,04-04
148900,FC2PPV-4868949在祇园相遇的纤瘦美人日常生活揭秘Cosplay口交到底到哪里甚至现场射精,04-04
148899,FC2PPV-4868871娇小诱惑三位纤细美女连发内射喘息尖叫的女性与AV女优全包特别版无剪辑,04-04
148898,FC2PPV-4868773无解禁黑人三人行让老公在房间外等待被两个大阴茎的黑人狂暴侵犯至肌肉酸痛阴道剧痛最终吞下浓稠精子,04-04
148897,FC2PPV-4868579首秀瘦长身材的排骨美人雪白肌肤久违的身体被大棒深入到深处高潮不断痉挛怀孕了不能射里面无视之在茂密湿润的阴部内射精,04-04
148896,FC2PPV-4868569奇迹的地下偶像现身影集课后为她射出大量精华,04-04
148895,FC2PPV-4868516真实记录3禁广告选举失败的悲剧压在妻子身上紧急上架揭露社会腐败而非接受陌生人的插入,04-04
148894,FC2PPV-4868432大胆露脸真实女孩前来尝试刺激案例125被众人夸赞紧致的美少女大学生樱乃酱20岁的情况,04-04
148893,FC2PPV-4868429嗨我请回了Konaru酱让她给我的OL奶妈铃原小姐做了个乳头护理视频包含大尺度的胸部按摩和亲密片段,04-04
148892,FC2PPV-4868188真实大学生未剪辑偷拍续集着装Cosplay敏感美丽胸部与私处连续高潮受虐,04-04
148891,FC2PPV-486817920岁可爱少女丰满天然E杯为了男友愿意全脱满满射精特别赠送露脸和无剪辑,04-04
148890,FC2PPV-4868160清晰新手诱导入酒店的实习生成人性交,04-04
148889,FC2PPV-4868087激烈插入骑乘位透明内裤润滑液刺激到高潮大开腿颤抖至死亡在zizu小姐面前排成行进行生交极度淫荡乱舞连续射精收尾zizu第二章国际版,04-04
148888,FC2PPV-4868080NTM真实发生拍摄时接到陌生男子电话被要求接听笑在害怕会被发现的情况下高潮的她是个变态,04-04
148886,FC2PPV-4867944某A大学生选美准冠军阳菜的全球直播激情时刻,04-04
148885,FC2PPV-4867919无纯新人现场射精酷美女高挑苗条的漂亮女白领喜欢被大叔的大棒子狠狠插后入享受高潮时的快感,04-04
148884,FC2PPV-4867759合作双发射saaimu超过提供的训练完毕的sumegeneneki美丽身体上的实际记录影像,04-04
148882,FC2PPV-4867184毕业退出口交的新人被路人和玩偶攻击到最后是制作大喷射末日,04-04
148881,FC2PPV-4866909无剪辑私处超大绝不会怀孕令人惊叹的102分钟绝对是神作无论如何都对可爱的露米请求制服Cosplay并且进行无限轮三人性爱无法计数次的,04-04
148880,FC2PPV-4866873未剪辑与艺人一样可爱的S级女招待美羽小姐现场直射,04-04
148879,FC2PPV-4866255无性感F罩杯美人从外表就能感受到的诱惑身体和氛围她就是个不折不扣的色女笑果然她的色情本质无法隐藏,04-04
148878,FC2PPV-4866022无剪辑未经处理的茂密阴毛美女制服诱惑全程裸插射精,04-04
148877,FC2PPV-4865843纯新人首拍美腿翘臀的18岁女大学生羞涩又可爱的真实反应让人无法抗拒意外的射内让她不知所措,04-04
148876,FC2PPV-4865755首秀拥有E罩杯迷人身材的写真模特小悠被红色调的雪白身体以恶魔般的强力撞击引发大规模高潮感觉快了粉嫩湿润的小阴部内彻底射精,04-04
148874,FC2PPV-4863991无剪辑全程露脸优先数量全部动作都充满气质的大和抚一打开盖子就是淫乱所以进行了管教性交在充分享受她的性感身材后是蓬松的阴道,04-04
148873,FC2PPV-4863970无完全素人现场射精春临近大叔的硬挺勃起无法停止性感美丽的长腿OL被深深吸引浓情蜜意的性爱现场现场插入内射,04-04
148872,FC2PPV-4863862稀有豪华三连发前气象主播因欲望未满寻求坚硬的阴茎再次登台羞涩中带着笑容温柔对待两根粗大的阴茎,04-04
148871,FC2PPV-4863388无丰满臀部最棒果然可爱又性感原啦啦队的紧致身体和结实身材激烈蜘蛛人骑乘位狂欢射精,04-04
148870,FC2PPV-4863100无藻特别篇选择了男友而非性爱的大学生小绿与我们的最后一次秘密聚会在半熟半生的状态下告别,04-04
148869,FC2PPV-4862790抱歉我只喜欢做爱性感优雅的慢热女神假装对真枪实弹不感兴趣巧妙地引导他将阴茎送入她那粉嫩诱人的私处无剪辑射精,04-04
148868,FC2PPV-4862435瘦长美女与温泉约会的野兽高潮浴缸内激情喷射无剪辑全射精,04-04
148867,FC2PPV-4861208完美女神的虐恋酒吧女彻底沉沦手淫阴茎抽打最后是尽情射出来吧多动一点的热情高潮喷射,04-04
148866,FC2PPV-4858333裸脸无剪辑射精比起丈夫的我更想要这个瘦长少妇出轨约会久违的性爱让她极度兴奋渴望除夫之外的精子并接受大量射精,04-04
143800,FC2PPV-4864392怀孕8个月常规浴室性爱至高潮的口交,03-30
143806,FC2PPV-4864780浪漫摄影师梦寐以求的拥有可爱脸蛋和18岁少女身材肤色白皙的大奶肉感美女咖啡店员,03-30
143807,FC2PPV-4864810黑人双人美胸肥臀美人后入式高潮直射现场实拍初次与三名黑人3P硬核性爱,03-30
143818,FC2PPV-4865628色欲黑乳晕骚妇,03-30
143819,FC2PPV-4865674毛茸茸美女雾雨19岁,03-30
143827,FC2PPV-4865957雪白纤细的应届毕业生美胸学妹,03-30
143828,FC2PPV-4866139超级可爱的紧实美少女,03-30
143835,FC2PPV-4866764拍摄我的小姨子因为画师给她画画而开心到再次来找她在别人的大棒下完成那幅画作罪恶感强烈,03-30
143840,FC2PPV-4866805熟女瞒着丈夫偷偷调教自己,03-30
143841,FC2PPV-4866885男性顶级班绝品F罩杯诱惑,03-30
143842,FC2PPV-4866979可爱小松鼠女孩出道作在时尚行业工作业余爱好DJ,03-30
143849,FC2PPV-4867433危险日子宫扩张,03-30
143850,FC2PPV-4867461无法忍耐溢出的欲望40岁家庭主妇,03-30
143855,FC2PPV-4867711F罩杯大奶,03-30
143856,FC2PPV-4867745完美大胸美女,03-30
143857,FC2PPV-4867770女神级纤瘦千金小姐,03-30
143858,FC2PPV-4867782私拍熟女28岁,03-30
143865,FC2PPV-892278大学生萌妹子,03-30
143866,FC2PPV-892305SS级敏感美大奶清晰美女,03-30
143862,FC2PPV-891688纤瘦S级贫乳少女,03-30
143874,FC2PPV-916746小学教师熟妇,03-30
143873,FC2PPV-913369熟女向丈夫发送的出轨行为,03-30
143872,FC2PPV-909363无子代嫁2年同乘电车的邻站男仆,03-30
143871,FC2PPV-893433在川崎做牙科接待的美柚子26岁光洁私处接受活塞插入喜欢持久控制并同意射精,03-30
143870,FC2PPV-892556黑色丝袜高速后入式连发高潮今天我偷溜去休息了一下经济部在职大奶公务员宠物的现场射精,03-30
143868,FC2PPV-892332私摄变态狂放熟女小惠老师现场实拍三人行大喷射,03-30
143867,FC2PPV-892325超划算复售真人实拍初夜射精大婶自称为美容师的41岁女性通过应用认识的邻居大婶,03-30
143864,FC2PPV-892119非丈夫的舔弄我的大棒快速内射清洁如初的清纯妻子,03-30
143863,FC2PPV-891798疯狂插入全程未拔现役自卫官人妻对丈夫的视频信件变脸连发空气剑术空气吉他个人拍摄,03-30
143861,FC2PPV-865327连续三人射精使用精子乳液的鬼式狂轰真实美少女酱21岁个人拍摄,03-30
143860,FC2PPV-4867926无解禁黑人双孔同插男友面前巨乳大臀美女女友被两个巨型黑人折磨至痉挛射精高潮肛门受损的危险SM生硬3P性爱,03-30
143859,FC2PPV-4867884私密瞒着丈夫与大奶肥臀美女的性需求得不到满足的妻子和两个黑人大叔连续双飞高潮NTR硬核三人行,03-30
143852,FC2PPV-4867610高清新手狠狠地让害羞的21岁专科学生欲罢不能,03-30
143848,FC2PPV-4867426无极度热爱性爱的可爱女屌丝现场高潮射精实拍嘴巴和阴道湿润至极今晚最淫荡女神不容你逃脱,03-30
143847,FC2PPV-4867418无初次拍摄已获许可的NTR韩国混血家庭主妇这怎么回事好大的首次面对黑人大粗棒的兴奋激烈撞击释放欲望屁音崩溃理智射精满足,03-30
143846,FC2PPV-4867354从青森来京的白皙长毛少女重逢请求让我怀孕颤抖着粉红色乳头和E杯美胸身体剧烈抽搐巨大阴茎射出浓稠精液在体内爆发导致怀孕,03-30
143845,FC2PPV-4867344仅此一次毛发浓密美女草雾19岁前体操队的浓密美女大量露点穿着啦啦队服装的丰满可爱少女激烈高潮性爱体验曾是前体操队员啦啦队长,03-30
143843,FC2PPV-4867190E罩杯熟女彻底暴露淫荡本性不顾家庭的丈夫面前清纯紧致熟女欲望爆发为了解决不满跨坐在陌生人的阳具上连续射精祈求,03-30
143839,FC2PPV-4866792真实素人住在芦屋的气质爆棚女神级长腿小姐请个人私享,03-30
143837,FC2PPV-4866788公开脸无码中字快点出来专为巨乳女神的极致口交与手淫技巧爱好者准备满满色情荷尔蒙深度榨取真实高潮体验,03-30
143833,FC2PPV-4866678初次拍摄S级无法忽视的模特身材为了偿还奖学金不惜奉献身体真挚可爱的样子让人怜爱怀孕高潮完成,03-30
143832,FC2PPV-4866657瘦长美女服饰系暗黑下层Y小姐扮演东方姬巫女灵梦激情版,03-30
143831,FC2PPV-4866628清晰新手以笑容迷人的兼职汽车租赁员工为目标进行实拍偷拍并射精,03-30
143830,FC2PPV-4866542初次全脸露馅有男友的清纯大学生在床上变成超级受果然外表这样子的女孩更懂得享受我给她奖励了射在里面的体验,03-30
143829,FC2PPV-4866435娇小可爱144cm的18岁少女在放学后被邀请进行激烈的怀孕性交初体验,03-30
143826,FC2PPV-4865938E罩杯绝世美胸看似温婉的24岁熟女在丈夫不知情下偷欢纯真脸庞被陌生人的阳具贯穿背叛的浓密阴毛湿透内射婚外情,03-30
143825,FC2PPV-4865822社交障碍导致工作接续不上兼职模特出道的放荡大学生高呼着达到高潮,03-30
143822,FC2PPV-4865701露脸真实女孩前来做私密事案例124外貌过于出众的超级大胸婚庆策划师理纱20岁的情况,03-30
143821,FC2PPV-4865696首拍笑容可爱的阳光男孩久违的阴茎让他大变样强烈地摆动臀部在应用中寻找刚认识陌生男性的精子,03-30
143820,FC2PPV-4865691首次拍摄清纯系肤色白OL积蓄已久的欲望在湿润的释放下彻底爆发接下来是久违的射精结尾全部都可以接受,03-30
143816,FC2PPV-4865446首秀百分百中奖天然巨乳E罩杯大学生二年级的mai酱被多次高潮射精的咸鱼大叔内射作为奖励,03-30
143815,FC2PPV-4865386毕业庆祝的成人仪式秘密与朋友黑扁豆变得亲密以最后的学生装初体验口交清理服务,03-30
143814,FC2PPV-4865287初次拍摄G罩杯大学生妹无现场射精爱说话的大胸大学生女友同意首拍巨乳大臀的女神身材从吮吸式口交到真实的现场射精实录,03-30
143812,FC2PPV-4865255让偶像脸的AOI酱尽情口交我,03-30
143810,FC2PPV-4865219特别赠送制服兔子小姐性爱片段小心过度湿润笑容可爱的桃子小姐被满满的精液彻底污染了她的身体,03-30
143809,FC2PPV-4865189首次拍摄超级苗条的美少女全裸现场性爱,03-30
143808,FC2PPV-4864999新手拍摄里沙19岁身高152厘米体重25公斤的超级苗条美女被射精和肛交与相差65公斤的中年男子尽情享受,03-30
143804,FC2PPV-4864687大奶清纯平时认真负责的幼儿园老师因她敏感可爱的表现无法自控最终让她射在了里面,03-30
143803,FC2PPV-4864671私摄意识到自己欲望强度的32岁熟女这个阴茎正好击中了合适的位置呢,03-30
143802,FC2PPV-4864554禁三人行连续射精被释放的欲望让她同时面对两人的中年妻子身体已无法回头只能任由双人折磨,03-30
143801,FC2PPV-4864507前偶像18岁的小恶魔女孩全情投入的攻势玩法肛交三点进攻男性高潮让M男无法自拔的大规模射精技艺,03-30
143254,FC2PPV-402422才华横溢的艺人级容貌全都是巅峰状态的女仆装美佳酱,03-29
143255,fc2ppv-866550关西来的开朗女孩,03-29
143256,fc2ppv-867307SSS级女大学生,03-29
143257,fc2ppv-867570这是她第一次和自己不喜欢的男生做爱,03-29
143258,fc2ppv-867759受过专门性训练的女孩,03-29
143259,fc2ppv-867922纯洁年轻人妻,03-29
143260,fc2ppv-867947巨乳美少女,03-29
143261,FC2PPV-871899剃光阴毛的成熟女性,03-29
143262,fc2ppv-872440爱莉穿着校服被操,03-29
143263,fc2ppv-873277某咖啡馆员工,03-29
143264,fc2ppv-874144身材苗条体毛旺盛的美女,03-29
143265,fc2ppv-874379快来体验极致快感35岁人妻再次回归,03-29
143267,FC2PPV-875001美女妻子高潮射精,03-29
143268,fc2ppv-876144可爱年轻的出轨人妻,03-29
143269,fc2ppv-876450射在拥有丰满G罩杯的淫荡人妻体内,03-29
143270,fc2ppv-876605超乎寻常的可爱外表,03-29
143271,fc2ppv-876621可爱的沙耶香酱,03-29
143272,fc2ppv-876643巨乳娇小萝莉被男友无套猛操,03-29
143273,FC2PPV-877036私摄NTR大奶处女,03-29
143274,FC2PPV-877224熟妇中出五十岁美熟妇再现偏爱年轻棒的淫荡妈妈不顾丈夫与陌生男人激情交欢后射精,03-29
143275,FC2PPV-877460S级美女妻子,03-29
143276,FC2PPV-887069奇迹的50岁京子,03-29
143278,FC2PPV-887217国立大学副教授,03-29
143289,FC2PPV-889445大量喷射只想被干的40岁熟妇清纯型D罩杯熟妇,03-29
143293,FC2PPV-890370现场射精24岁美女上班族南小姐再度降临,03-29
143292,FC2PPV-890350爱泽18岁小脸丰满大奶可爱专科学校女生,03-29
143279,FC2PPV-887300唾液缠绕爱液滑落的热吻口交真实少女美由希,03-29
143280,FC2PPV-888029您的情妇宠物女仆职业高尔夫球主妇,03-29
143281,FC2PPV-888147不伦之旅穿着诱惑和服让我欲火焚身忍不住调戏,03-29
143282,FC2PPV-888397面容如少女S级新人,03-29
143283,FC2PPV-888449交往过的处女,03-29
143284,FC2PPV-888645NTR温泉肛交羞辱大量射精,03-29
143285,FC2PPV-888710绝美少女,03-29
143286,FC2PPV-888870已婚两个孩子在捆绑中展现的M特质,03-29
143288,FC2PPV-889412SS级美大奶处女制服长筒袜挑逗,03-29
143287,FC2PPV-888965租借女友下午茶后在充满暧昧氛围的房间进行胸部接触,03-29
143291,FC2PPV-890201私摄NTR3P射精美胸S级熟女轮奸当玩物性虐爱奴妻对丈夫隐瞒啊啊啊啊快乐调教导致阴道痉挛现场射精,03-29
143294,FC2PPV-890576无色情漫画般的敏感老师大人却穿女童服20岁COS玩家湿身偷拍这是色情漫画的世界吗高潮连连窒息大屁股哈哈精液植入完成,03-29
143295,FC2PPV-890578束缚带现场插入射精,03-29
143297,FC2PPV-890684熟女再教育,03-29
143298,FC2PPV-890706初次拍摄19岁E罩杯在拉面店里发现这么可爱的女孩工作时主动搭讪,03-29
143299,FC2PPV-891113SS级美女们高潮,03-29
143300,FC2PPV-891254校服泳装调戏比赛,03-29
143304,FC2PPV-932199偷情熟妇,03-29
143305,FC2PPV-932319软萌幼颜小天使米莉亚,03-29
143306,FC2PPV-937608夺妻NTR,03-29
143303,FC2PPV-920792夺妻NTR完全版私摄,03-29
143302,FC2PPV-919945五十岁成熟家庭主妇美丽绝伦,03-29
143301,FC2PPV-918558美人人妻不倫温泉旅行野外露出,03-29
143296,FC2PPV-890646熟妇爱奴三号在居酒屋里当着丈夫面被强行召唤过来灌醉丈夫后直接在门口内射,03-29
143290,FC2PPV-889480现役J联赛美女妻子宠物荧光比基尼现场射精对不起连你的屁眼我都要舔了哦变脸臀部表情包色情换唱,03-29
143277,FC2PPV-887146私拍绿色45岁风格出众审美高雅的名媛夫人现场直击大喷发,03-29
143266,FC2PPV-874671雪白可爱美少女拉拉深情口交引发大面积喷射,03-29
141372,FC2PPV-878019租借女友陪逛后唱歌突然的爱情表白,03-28
141391,FC2PPV-882242现场射精28岁家庭主妇调酒师,03-28
141370,fc2ppv-867335F罩杯天然美妇,03-28
141392,FC2PPV-882491在小区亲密时被清洁工看到极度刺激直接在汽车旅馆内射精,03-28
141395,FC2PPV-883250熟妇高潮奇迹再现45岁超级巨乳主妇复出依然与丈夫性冷淡对陌生人的活茎极度兴奋当然最后是内射射精,03-28
141397,FC2PPV-883335兼职20岁直接穿着天然和黑色丝袜摩擦大量液体喷射出来哈哈丰满湿润的私处被魔鬼般的尿液喷洒当场射精,03-28
141371,FC2PPV-877797偷情东北出身的白皙F罩杯主妇,03-28
141374,FC2PPV-878283柳叶眉杏花眼曼妙身材迷人心,03-28
141376,FC2PPV-878585大量射精初次拍摄萝莉乳细腰美女迷你比基尼深入性爱自我骑乘穿刺式抽插过紧子宫怀孕级别海量精子倒流,03-28
141381,FC2PPV-879298私拍不忠3P射精大奶S级熟女轮奸当玩物性奴妻沉沦背着丈夫哦哦哦哦快乐调教导致阴道痉挛大妈版,03-28
141385,FC2PPV-880231史上最多量连续射精3P神级美乳神级臀部SS美女制服Cosplay超浓情爱那个感觉真好主动口交服务恳求喘息脸完全堕落连贯高潮,03-28
141388,FC2PPV-881399被偷走的愿望初次拍摄美艳熟女mai酱拒绝露脸但可以内射哦,03-28
141389,FC2PPV-881511无许可射精19岁娇小萝莉美巨乳比男友好百倍的超迷你校服子宫和龟头深爱着彼此鬼棒子宫与龟头的激情交合孕育新生命,03-28
141410,FC2PPV-886910早泄处女SS级敏感大奶清纯少女思念男友时的偷情现场乳房颤抖痉挛高潮我要射了射了射了全裸丝袜野外羞耻多次可满足天然淫乱体质无,03-28
141409,FC2PPV-885138熟女爱奴3号醉酒3号的惊人坦白还想再来一次终于揭晓公开放浪者3号的真实面貌,03-28
141408,FC2PPV-885115熟女爱奴3号偷情旅行背着丈夫谎称和朋友出游结果与陌生男子在酒店共度一夜并内射上集,03-28
141407,FC2PPV-884928大家的爱酱好久不见的爱酱初次面对大阴茎面具男有些紧张但很快就成为了他的俘虏ww个人拍摄附赠评论奖励,03-28
141406,FC2PPV-884748私拍明日香27岁清纯型纤瘦大奶可爱少妇的狂野射精,03-28
141405,FC2PPV-884744年轻小妻子久违私会高潮不断淫荡呻吟震颤喷射满载持续内射,03-28
141404,FC2PPV-884691生硬插射精S级清纯制服美女浓烈亲吻插入种播受孕确定求精液满溢发情私处鬼式猛击子宫口含龟头直中精子冲击腰震高潮连续性快感,03-28
141403,FC2PPV-8846423P射精美乳S级熟女轮奸当玩物性虐狂小妾堕落对丈夫隐瞒嗷嗷嗷快乐调教下阴道痉挛M控小妾篇无MO,03-28
141402,FC2PPV-884530和田美香18岁春季解禁JD续集时长2小时21分钟路人拍摄私摄189舔帝,03-28
141401,FC2PPV-884190出租女友体验都市传说再现朋友想看真实吗,03-28
141400,FC2PPV-883839特惠套装复售现场射精30岁性感家庭主妇45岁偶像脸熟妇人,03-28
141399,FC2PPV-883771清晨夜班后校服泳装下的肛交直射请放进屁股里四位孩子的单亲出租车司机熟妇巨大的老阴茎热唱个人拍摄,03-28
141398,FC2PPV-883553无藻独家S级美少妇全集特别版含口中喷射射精三人行双孔,03-28
141396,FC2PPV-883330熟妇爱奴3号在欣赏与丈夫的性爱视频时从背后猛烈插入体验禁忌的快感,03-28
141394,FC2PPV-883230-拍摄活动休息时私下给美碧酱特写还差点被其他摄影师发现偷拍阴道笑死我了,03-28
141393,FC2PPV-882994为了不让丈夫发现坚决拒绝终极偷情在深夜住宿聚会中请求剃光的光滑阴部猛烈射精,03-28
141390,FC2PPV-881581私人拍摄顶级丰满美人酱现场实拍三人行大喷射,03-28
141387,FC2PPV-880570超可爱的美容师店长小咲22岁自然美与模特儿光泽丝袜靴的最强合作脱下丝袜后插入背后湿润淫荡的第一次阴道高潮射精满足,03-28
141386,FC2PPV-88050825岁的一流大学毕业的家庭教师美央酱大方展示胸部与其他三人互动,03-28
141383,FC2PPV-879702未剪辑个人拍摄邻居老婆爱奴2号最危险的时刻丈夫在夜间值班时用备用钥匙偷偷进入家中当丈夫回家走进房间,03-28
141382,FC2PPV-879521私拍光26岁美乳细肤长腿短发美人深度射精,03-28
141380,FC2PPV-879291私摄19岁娜奥与短发女孩在卡拉OK真实激情性爱,03-28
141379,FC2PPV-879194初体验白色肌肤美丽胸部完美身材的大学生酱的第一次拍摄,03-28
141377,FC2PPV-878615真人视频女生192岁美发师琪琪22岁首秀见面一小时后在排卵日公开怀孕并现场射精,03-28
141375,FC2PPV-878349私人拍摄熟女若月32岁现场生肉拍摄,03-28
141373,FC2PPV-878034揭秘真的吗不知何为阴蒂皮肤的无知高中生小香18岁的秘密探索之旅,03-28
139437,FC2PPV-892650熟妇爱奴二号的最大危机深夜潜入民宅偷情时丈夫居然回来了,03-26
139439,FC2PPV-893338绝世40岁在职注册会计师少妇,03-26
139442,FC2PPV-893977美胸娇小萝莉,03-26
139444,FC2PPV-894259我想要结束与主人的情事对丈夫产生爱慕必须彻底完成内射调教任务,03-26
139445,FC2PPV-894737无许可射精SS级美大奶纯真少女泳装长筒袜萌爱做爱不戴套吗自行骑乘式强力撞击,03-26
139447,FC2PPV-895246贫乳少女3P射精口腔发射,03-26
139448,FC2PPV-89544319岁萌妹动漫宅纯真大学生,03-26
139449,FC2PPV-895490产子的妈妈现职幼儿园教师,03-26
139450,FC2PPV-895616女神回归实习主播S级处女美女在职JD通过阴茎感受唤醒性欲禁欲生交解放高潮喷液狂热插,03-26
139452,FC2PPV-895830首度拍摄在职幼儿园老师女士,03-26
139456,FC2PPV-896511SS级美女生猛鬼式性爱,03-26
139459,FC2PPV-897331熟女妈咪,03-26
139460,FC2PPV-898049SS级敏感美女大奶罩杯清纯女偶像cosplay怀孕等级比男友更好户外站立后背过于舒适无法自控的喘息狂喜,03-26
139463,FC2PPV-898795私拍NTR东北出身的白皙F罩杯主妇漫画中出现般的高个成熟女性用小三满足性欲不满足的妻子看到阴茎就痒得不行精液狂喷,03-26
139458,FC2PPV-897048身材火辣拥有H罩杯的荡妇,03-26
139466,FC2PPV-899045首拍原配音员人妻佐良女士她用仿佛在玩色情游戏时的诱惑喘息让人欲罢不能个人拍摄,03-26
139469,FC2PPV-900059微乳美妇人中出,03-26
139470,FC2PPV-900310突然生交SS级萝莉大奶骚货史上最高尺度诱惑角色喜欢棒吗超小敏感乳头肉食系私处男友出游前偷吃,03-26
139472,FC2PPV-900358中学生物老师,03-26
139474,FC2PPV-900992让大学生美由酱穿上情趣内衣狂射不止精液瀑布般的喷发,03-26
139476,FC2PPV-901359三十五岁美妇米奇复出哺乳妈妈性癖大爆发,03-26
139479,FC2PPV-902170精现役职业高尔夫球手妻子,03-26
139480,FC2PPV-902368穿着cosplay装的美眉米库鲁接受面部喷射体验高潮快感,03-26
139483,FC2PPV-902561激情诱惑美女射精,03-26
139477,fc2ppv-901514身材苗条胸部丰满,03-26
139488,FC2PPV-903351不变的粉红色乳头SS级纤细美少女男友私下啊快射了无内裤黑色丝袜连续高潮痉挛,03-26
139490,FC2PPV-904287为主人公舔蛋蛋和肛门,03-26
139492,FC2PPV-904318无瑕疵柔软大奶少女人工受精现场射精,03-26
139493,FC2PPV-904808大罩杯女神级胸部萝莉完美处女地榨干精液阴道高潮啊自行玩弄超级敏感的乳头至理智崩溃满溢天然润滑剂的惊人湿洞,03-26
139497,FC2PPV-906103无彻底泄露菅野缠绵篇,03-26
139503,FC2PPV-906670产后1个月的哺乳妈妈性欲大爆发在喷出母乳的同时吞下阴茎的放荡妻子即使充分喂奶高潮时依然会射入阴道玲子30岁,03-26
139491,FC2PPV-904291令人难以置信的紧致小穴,03-26
139504,FC2PPV-906684高潮迭起湿润阴道现场插入连续三次射精让阴道黏糊糊的三份精华,03-26
139505,FC2PPV-907146不忠乱交现场射精Cosplay制服JK的异常调教游戏,03-26
139508,FC2PPV-907920连续射精SS级女神乳萝莉神级处女,03-26
139509,FC2PPV-908021在公共厕所现场性行为,03-26
139510,FC2PPV-908492不变的粉红色乳头SS级瘦美人,03-26
139511,FC2PPV-908683连续两次射精18岁少女喘息挣扎,03-26
139512,FC2PPV-909229宠物店女主人的震撼尖叫,03-26
139513,FC2PPV-909269压倒性处女高潮美少女小梨子,03-26
139516,FC2PPV-909955大量射精H罩杯女神乳萝莉神级处女,03-26
139517,FC2PPV-909995初次拍摄拥有完美身材的美少女酱如此美丽的女孩竟然将私处暴露尽情享受着快感个人拍摄,03-26
139519,FC2PPV-911495超级S级美妇人护士装口交无套肛交,03-26
139520,FC2PPV-911496高潮喷射中出爱液渴望者S级清纯系处女大学生性行为求精液至深子宫内射确保怀孕的强烈射精狭窄阴道痉挛腰颤动高潮释放,03-26
139524,FC2PPV-911709经济厅在职公务员妻子,03-26
139522,FC2PPV-911573开朗活泼的18岁女孩,03-26
139523,FC2PPV-911612全裸窗边性爱的放荡熟妇,03-26
139543,FC2PPV-939794现役女军官家庭主妇,03-26
139542,FC2PPV-916640SS级萝莉大奶淫妇历史巅峰,03-26
139539,FC2PPV-915031初次拍摄美女性高潮流出,03-26
139538,FC2PPV-915001熟女玩乐现场活塞射精,03-26
139536,FC2PPV-914148连发被夺走的家庭主妇NTM完整版,03-26
139535,FC2PPV-913983年长巨乳熟女未经处理的浓密体毛20岁大学生女孩,03-26
139534,FC2PPV-913969连续射精永不改变的粉红色乳头S级,03-26
139533,FC2PPV-913901大胸OL24岁老熟男,03-26
139532,FC2PPV-913470初次尝试无避孕大尺度性爱意外的真枪实弹射精,03-26
139530,FC2PPV-912713最爱肛交俱乐部女孩GET粉红色美丽胸部的女儿瞬间高潮脸变化女高中生,03-26
139529,FC2PPV-912618站立式口交粉色运动内衣内裤射精现役女军官妻子让主人感到痒痒的棒子真美味呢个人拍摄,03-26
139528,FC2PPV-912596无藻限时可爱女孩射精附赠内容前后篇,03-26
139527,FC2PPV-911944人奥愛奴3号夏休公園乗露出撮影動画見羞恥中出SEX,03-26
139526,FC2PPV-91185024岁美腿美人前台接待制服下生交配现场射精恳求实际是受虐狂傲娇冷艳美女性欲沉沦连续高潮请快点插入我的阴道,03-26
139525,FC2PPV-911817初次拍摄F罩杯爆乳阿斯卡19岁高中生首次尝试色情活动在电击按摩下疯狂高潮真实射精的激情性爱曝光私人拍摄,03-26
139521,FC2PPV-911542私摄南风24岁黑发短发大臀美少女的狂野射精,03-26
139518,FC2PPV-911435超级S级美少妇真人实拍床戏泳池酒店双现场无码,03-26
139515,FC2PPV-909911现场射精NTR东北出身的白皙F罩杯夫人漫画里出现的那种高个子家庭主妇以第三者满足性欲的虐恋熟女里面不行吗无许可现场射精精液流,03-26
139507,FC2PPV-907316再也见不到你了强行对抗拒的美女妻子进行无套内射出人意料的发展导致再次强烈离婚拍摄,03-26
139502,FC2PPV-906653私摄超级喜欢做爱的漂亮可爱女孩菜菜子单方面被骑乘位强射精,03-26
139500,FC2PPV-906625纯新人15辑JD阿基娜18岁之七在SM酒店的处男猎杀与首次三人混战,03-26
139499,FC2PPV-906404私摄真实25岁娇小纤细的女招待小姐姐大喷射高潮,03-26
139498,FC2PPV-906328大量高潮喷射S级清晰系处女大学生怀孕准备的生交性爱全勃起硬棒跨坐白皙美胸颤抖鬼式骑乘位逆向肛交子宫G点摩擦上扬腰部痉挛高潮,03-26
139496,FC2PPV-905792被偷走的纪录片我有偷情倾向请来偷走我的妻子好吗私人拍摄,03-26
139495,FC2PPV-905624舞女觉醒小乃酱的cosplay与压迫,03-26
139494,FC2PPV-905033熟龄花道大师级宠妻连发两弹直中腹部发射你看看这就是我和您夫君的差距,03-26
139489,FC2PPV-904161私拍肤色白皙大奶妹子mai酱的现场射精集体高潮,03-26
139487,FC2PPV-903292真实视频166cm的实习护士希酱18岁第18次性行为全裸穿着情趣内衣准备怀孕服务并现场射精,03-26
139486,FC2PPV-902984骑乘位超爽的按捺不住本能摆动臀部的美女人设太撩人了,03-26
139485,FC2PPV-902851射精超爽笑容满面的模特级美女惊人之举,03-26
139484,FC2PPV-902839现役女军官家庭主妇穿着护士装在丈夫电话旁高潮今天也会做站立口交哦模拟吉他鼓表情变化个人拍摄,03-26
139482,FC2PPV-902558无藻骑乘位射精,03-26
139481,FC2PPV-902460私摄露脸小麦肤色大学生好光子十八岁初次实拍体内射精,03-26
139478,FC2PPV-901738离婚请求时的偷拍从通奸到认真一边说要和丈夫分开一边达到高潮的清纯美妇人全被射精,03-26
139475,FC2PPV-901154私拍喷射美熟女雪江老师在线疯狂性爱现场实录,03-26
139473,FC2PPV-900443私摄首拍露脸英语老师人妻大奶莉卡酱初次的曼特玛伦斯课角色互换后成了学生已经极限了请快点结束高潮过度导致颤抖痉挛阴道濒临崩,03-26
139471,FC2PPV-900334超划算复售现场射精直接排出体外黑色长发20岁孕妇三个孩子的丰满成熟女性,03-26
139467,FC2PPV-899412出轨对象前辣妈成熟女的私生女秘密偷拍并强行射精20岁美咲裸体无保护初体验,03-26
139465,FC2PPV-898829私摄放纵丰满大学生小姐的现场射精集体高潮,03-26
139464,FC2PPV-898800黑丝现场射精现役J联赛美女妻子宠物臀部空中指挥家演出阴道的鼓起是她的烦恼个人拍摄,03-26
139462,FC2PPV-898079中间插入高潮射精国立大学副教授熟女这就是我的真实面貌请仔细看给丈夫的视频信件主人不像你那样拖沓个人拍摄,03-26
139461,FC2PPV-898075超划算复刻美少女辣妈41岁彩岛系列,03-26
139457,FC2PPV-896520从早开始的桌面生交肛门持续舔吸10分钟至射精你我会在早上太阳的背后将舌头插入肛门请不要感到不适与职业高尔夫球家庭主妇的出轨,03-26
139455,FC2PPV-896400诱惑熟妇深喉偷袭现射精液陌生大棒强行插入抗拒却高潮连连神秘陌生人征服欲强的成熟少妇,03-26
139454,FC2PPV-896061顔出解禁可愛超明無邪気淫乱美容生汁垂,03-26
139453,FC2PPV-895926私拍胸部漂亮湿润度高可爱的应届毕业生梅子的内部射精幻想影片,03-26
139451,FC2PPV-895677私摄纱织40岁难以自抑的疼痛清纯瘦美熟妇的大量射精,03-26
139446,FC2PPV-894761超值重售迷恋主持人的少妇梅子肛交现场射精系列,03-26
139443,FC2PPV-894184连续40次射精金玉袋插满超S的失去意识欲望小学教师中出如果学生看到这副模样就完了性交时高歌乡村公路个人拍摄,03-26
139441,FC2PPV-893586偶像加入乱伦圈一群男人轮番上下吞食21岁Nana的高潮大合集拍摄现场,03-26
139440,FC2PPV-893478熟女爱奴3号意外的情书再来一次吧酒后的真面目暴露羞耻感全开,03-26
139438,FC2PPV-893261纯真少女回归这才是新人啊她那天真无邪的反应让新手爱好者无法抗拒小光小姐再次归来一如既往的纯真却在毫不留情的强力性爱中窒息,03-26
139436,FC2PPV-892625北欧风情杂货店女孩小泉22岁自然风紧身网套女仆x黑色纹样靴的最强合作脱下内裤疯狂插入和射精在阴道里,03-26
139435,FC2PPV-4861122首秀奇迹的SSR美女挖掘十号大学一年级生真的最可爱级别的,03-26
139434,FC2PPV-4860002危险的诱惑E罩杯嫩乳太诱人了整个阴茎吞下的深喉游戏最后是骑乘位射精性爱,03-26
138001,FC2PPV-932286未经许可射精神级大奶中学生少女拒绝男友的她被偷情棒连续高潮至抽搐悲剧结局,03-25
138002,FC2PPV-932981模特儿21岁第二次有男友的纤细美人被大叔精液孕育,03-25
138003,FC2PPV-933169无完美泄露臀部传奇MOMO性爱,03-25
138017,FC2PPV-935801超柔软成熟女性太难了超柔软成熟女性桐叶小姐,03-25
138055,FC2PPV-935849致丈夫的视频信合辑3七位普通家庭主妇向丈夫发送的情事纪录片影像,03-25
138054,FC2PPV-935718私摄短发笑容超级可爱的光小姐现场直射精液大喷洒,03-25
138053,FC2PPV-934987超值重售面试渴望的色情过头170cm熟女系列,03-25
138019,FC2PPV-935975来自关西的怀孕8个月单身妈妈,03-25
138020,FC2PPV-936033偷拍邻居夫人在家做家务的模样,03-25
138021,FC2PPV-936090现场射精24岁美女上班族南小姐,03-25
138022,FC2PPV-936111性感内衣美少女,03-25
138023,FC2PPV-936589萌新真人无剪辑视频,03-25
138025,FC2PPV-936916纯新人18岁JD亚基娜19岁,03-25
138026,FC2PPV-936929真实可期19岁清纯少女,03-25
138027,FC2PPV-937161无篠田優全部流出臀神传说性爱,03-25
138029,FC2PPV-938140传奇MOMOKA特别口交,03-25
138031,FC2PPV-938376经济厅在职公务员人妻,03-25
138033,FC2PPV-939160夺妻NTR完全版私摄,03-25
138032,FC2PPV-938418私摄傲娇美妇佐野子小姐的热恋疯狂性爱现场实录,03-25
138030,FC2PPV-938359私摄傲娇美女妻子纱子小姐的狂热爱抚与激情射精实况,03-25
138028,FC2PPV-937513私人拍摄青春甜美专业大学生18岁,03-25
138024,FC2PPV-936651现役职业高尔夫球手的已婚女性不知世事的小公主井底之蛙标准的乖乖女个人拍摄,03-25
138011,FC2PPV-934375从处女之约一年后色白清纯S级美少女19岁在湿润浴衣下的生交求爱中释放情欲粉色阴道口滴出真挚的液体对阴茎和精液进行恳求首次展现,03-25
138009,FC2PPV-933975现役女职业摔跤手人妻只有运动懂的我请给我性爱以体能为生个人拍摄,03-25
138005,FC2PPV-933314经济部门在职大胸公务员穿着校服现场插入连续射精小暴露请停下有人在看在性行为时打开窗户个人拍摄,03-25
138004,FC2PPV-933228超划算复刻奇迹的35岁绝世美女熟妇系列雾岛小姐篇,03-25
138000,FC2PPV-932222纯新人17岁JD阿基娜19岁的第八次被绑吊起肛门振动器未取出即插入,03-25
137999,FC2PPV-931320熟女诱拐NTR完全版私摄,03-25
136661,FC2PPV-918354NTR乱交现场射精扮演制服JK的异常调教游戏超现实快乐地狱通过原始精子大量射出确定怀孕现场射精版,03-23
136663,FC2PPV-1000059第三次与有男友的纤细美人进行真实现场射精使其怀孕,03-23
136666,FC2PPV-931507熟女S级美女青春期少女嗯射出来吧自慰棒中高潮喷液唾液流淌的极致快感怀孕级别倒流精液,03-23
136670,FC2PPV-920821SS级美女E小姐,03-23
136678,FC2PPV-923230独家18岁真实在校半模与粉丝俱乐部秘密性爱视频,03-23
136679,FC2PPV-920995首度拍摄难以想象的乖巧少妇面对两名戴面具的男人连续进行性行为她将两发浓精注入体内陷入恍惚状态,03-23
136684,FC2PPV-929834连发射精三击欲望的天使雪菜酱,03-23
136686,FC2PPV-929774私拍无产后1个月的母乳妈妈性欲爆发在哺乳期间疯狂吸吮棒状物即便饱含奶水也能完成体内射精的淫荡妻子玲子30岁,03-23
136694,FC2PPV-924283七位普通家庭主妇情事纪录片片段,03-23
136693,FC2PPV-925253连发录制家庭主妇强行占有,03-23
136697,FC2PPV-922511SS级萝莉大奶淫荡角色过去最高尺度诱惑想更舒服吗可爱喘息声满溢嫩胸颤动纤细身体逆流怀孕,03-23
136705,FC2PPV-917601萌莉21岁近乎处女的清纯大学生,03-23
136722,FC2PPV-929839离家出走的女儿变身肛交女三人性行为最终变成四人性双人插入射精高潮离家出走女儿,03-23
136721,FC2PPV-925997粉嫩乳头与奇迹弹性,03-23
136719,FC2PPV-927324制服诱惑下的现场射精,03-23
136718,FC2PPV-919930超级柔软大奶五旬成熟女性,03-23
136717,FC2PPV-919347那个SS级美少女E小姐的最终作品,03-23
136715,FC2PPV-924267与年轻十岁的妻子秘密重逢后偷拍激情爱抚让她口交至高潮精液喷射满阴道,03-23
136714,FC2PPV-92370918岁黑发萝莉JD全脸露出制服生交初体验与面部射精清纯美少女舔至肛门的奉承口交使其情欲勃起满溢白浊精液的表情不容错过,03-23
136712,FC2PPV-926904年轻妻子亚由美现场大喷射,03-23
136710,FC2PPV-917723熟妇连番激情射精私处,03-23
136708,FC2PPV-917407夺妻NTR完全版私摄,03-23
136706,FC2PPV-922533超值复售送报单亲妈妈系列雷米小姐的特殊感应能力,03-23
136704,FC2PPV-928623现役职业高尔夫球手的妻子穿着黑色丝袜现场射精虽然自称职业高尔夫球员但对自己的腿型很有信心反面骑乘位吹气泡弹尖叫,03-23
136702,FC2PPV-919211熟女强取豪夺NTM完整版,03-23
136700,FC2PPV-919911粉嫩乳头与奇迹弹性,03-23
136699,FC2PPV-920677前嫩模与熟女私通开始强行带入酒店现场偷拍初次生硬射精可爱的喘息声音很色情,03-23
136698,FC2PPV-925934我也作为他的妻子致力于健康管理,03-23
136696,FC2PPV-929439hiromi41岁家人忽视她丰满身材的主妇被大量射精满足,03-23
136695,FC2PPV-925261十五岁初夜无许可射精,03-23
136692,FC2PPV-926114那绝对的美少女,03-23
136691,FC2PPV-923698熟女主人爱奴三号,03-23
136690,FC2PPV-917662街头朴素少女的离家女高中生喜欢偷拍射精的男子带回家拍摄处女女学生内射视频请留宿一夜,03-23
136689,FC2PPV-925362仅拥有性经验的美女妻子,03-23
136688,FC2PPV-923383年长美大胸女人大量射精,03-23
136687,FC2PPV-929324现场高潮中枪清纯大奶S级美女NTR受孕计划想要孩子男友之外的生猛射精前忍耐子宫满载确保怀孕鬼畜喷射连续高潮注入精液至子宫深处,03-23
136685,FC2PPV-922516夺妻NTR完全版私摄,03-23
136683,FC2PPV-92404918岁萝莉初体验春季解禁JD2小时18分钟素人偷拍个人拍摄193舔帝,03-23
136682,FC2PPV-927022高潮喷射的熟女大量内射,03-23
136681,FC2PPV-917778首度拍摄丰满巨乳金发女郎实际上之前有位成员曾接待过她在不到五分钟内就爆发了结果没有成为作品所以这次改变对象进行复仇性爱篇,03-23
136680,FC2PPV-923645哺乳3P美女妻子的混乱群交,03-23
136677,FC2PPV-919158岁数S级美人娇嫩乳头玩弄,03-23
136676,FC2PPV-917447离婚前的私密调教初弹清纯美妇人的首次玩具刺激与活塞式高潮射精清洁口交,03-23
136675,FC2PPV-919172精液浓稠的种射过程,03-23
136674,FC2PPV-917741产后两个月的哺乳妈妈性欲旺盛满肚子射奶游戏下篇爱穗26岁,03-23
136673,FC2PPV-930402四位子女的出租车司机妻子比起单纯的性行为我也想尝试肛交个人拍摄,03-23
136672,FC2PPV-920815私人拍摄大奶性感熟妇酱的激情性爱导致多次射精高潮,03-23
136671,FC2PPV-926925非专业真人未剪辑,03-23
136669,FC2PPV-917467私人拍摄这私密部位太惊人了获奖在即的大学生里酱现场实拍直喷大量精液,03-23
136668,FC2PPV-923968纯真美少女的丰满胸部和内射体验,03-23
136667,FC2PPV-927679熟妇教师他为老师我为学生,03-23
136665,FC2PPV-917183NTR偷拍办公室恋情中的水手服OL呜呜被像玩具一样调戏逐渐变成受,03-23
136664,FC2PPV-923386只有他认识这个男人,03-23
136662,FC2PPV-929322熟女强攻美臀新晋夜店女孩与父亲背后狂插的激情诱惑姿态,03-23
136660,FC2PPV-919926三个孩子的母亲性感妈妈,03-23
136659,FC2PPV-926790熟女强取豪夺NTM完整版,03-23
136656,FC2PPV-927942年下大学生初体验,03-23
136655,FC2PPV-919946大块头但颜值顶级超大奶妹真人实拍高潮射精性爱,03-23
136654,FC2PPV-918689初次拍摄完全露出脸部无男性经验的纯真黑发美少女JD18岁首次拍摄即处女丧失大量现场射精羞涩颤抖的粉红色处女膜被勃起阴茎贯穿湿,03-23
136653,FC2PPV-917114敏感萝莉少女渴望的她现场直射高潮,03-23
136652,FC2PPV-917443觉醒欲念黑发清纯大胸F罩杯S级美女超短裤爱液丝线牵引的贪婪鬼自慰仅被观看就腰颤高潮的受虐狂本质暴露追求快感连续高潮阴道抽搐,03-23
136651,FC2PPV-1021177黑发瘦美少女小姐双通道套装,03-23
135631,FC2PPV-947201真实视频女生19岁OL美沙X酱首次为男友替身在排卵日完成内射启动怀孕计划,03-22
135647,FC2PPV-950043私摄全脸露出纤细成熟美女再度现身极度刺激乳头令人大呼过瘾,03-22
135686,FC2PPV-963343纯新人22岁雪子18岁的合法萝莉被强行带入SM酒店一脱衣服就露出惊人的好身材让人兴奋不已直接射在里面,03-22
135687,FC2PPV-962100与丈夫偷情后意外接到的紧急电话通知下班后来酒店裸上身不穿内衣现场即拍高潮面部喷射穿着工作服直接反向大量喷射到丈夫面前,03-22
135678,FC2PPV-952292大奶天然女孩JD性欲觉醒喝光溢出的阴茎汁顶级丰满手淫口交敏感阴道发情意外的现场插入骑乘位腰部摆动性爱,03-22
135562,FC2PPV-954712私摄初次拍摄极度敏感湿透G罩杯美女熟妇现场活塞,03-22
135563,FC2PPV-961372美乳高潮喷射超模美女姐姐前运动员紧致身材激情瑜伽多次高潮的色情气质全情投入的私拍性爱,03-22
135564,FC2PPV-961111私摄不忠与白石衣相似的出轨少妇从乏味日常中解放再出发对他人棒兴奋的放纵主妇和平手势完成清洁口交在口中高潮了,03-22
135565,FC2PPV-950164绝世熟妇再现增加诱惑力的家庭主妇出轨偷拍激情射精性爱现场失控的疯狂之夜私摄,03-22
135570,FC2PPV-944339美少女诱惑日记半脸娇媚女儿梅子尝试给她美丽日记原本就淫荡的女儿几乎没有太大的变化呢私摄,03-22
135575,FC2PPV-948228初次三人行满头大汗连续射精S级清纯巨乳少女快活啊好爽啊直到筋疲力尽仍不停求高潮的小恶魔骑乘位怀孕等级大量受精,03-22
135576,FC2PPV-965769迷人双眸诱惑菊地美似连续射精处理难度超高的初次体验美女登场初见大叔生猛硬插技术彻底崩溃怀孕等级大喷射,03-22
135578,FC2PPV-947116樱花18岁大学生女孩初体验,03-22
135579,FC2PPV-958064乡村女孩羞涩羞涩超级羞涩素人偷拍,03-22
135580,FC2PPV-962758私摄首播全脸露丰满G罩杯成熟美女现场射精,03-22
135583,FC2PPV-941279美体的酱与性感医生角色扮演大量白色药物喷发出来沐浴后的延长治疗也提供口腔服务总共两发射出个人拍摄,03-22
135585,FC2PPV-962683再次违规性爱S级超级大奶女职员国宝级粉色狭窄阴道自慰观赏无许可连续高潮感谢服务不含水花,03-22
135587,FC2PPV-963906私摄无那位哺乳妈妈产后2个月的享受满溢着高潮奶水的手工挤奶和裸体插入阴茎的大喷射性交玲子30岁,03-22
135588,FC2PPV-946199无藻口腔发射射精真实女高中生户外裸露,03-22
135589,FC2PPV-949234颜值女神18岁私密少女,03-22
135591,FC2PPV-940381水润美女亚叶子系列作品,03-22
135593,FC2PPV-957957生硬插中射爱液满溢清纯大奶天然女大学生种田NTR子宫直刺鬼式怀孕诱导学生私处偷情精液入侵阴道紧致他以外大量射精确定怀孕,03-22
135594,FC2PPV-950032完美无瑕超级型男健身房教练的性爱,03-22
135598,FC2PPV-952540那天然润滑剂制造机静音老师偶然的重逢一如既往触感超群的水润阴道和完美乳头依然存在这次进行了现场插入,03-22
135599,FC2PPV-951896真实接触在网咖与美艳女鬼进行激情时刻,03-22
135602,FC2PPV-946670美妇人奶妈人气主播米奇的喂奶游戏极度刺激与迷人妈妈的变态互动无法抗拒的性感身体多次高潮射精,03-22
135614,FC2PPV-941852无早乙女露依全部流出臀部传奇RUI性爱,03-22
135615,FC2PPV-965911真实无剪辑视频第9集,03-22
135623,FC2PPV-941092新婚萝莉小妻射精NTR黑发清纯处女出轨妻子禁止丈夫现场插满子宫人工授精大量射精子宫穿刺繁殖压榨让精子注入高潮喷射快感爆棚,03-22
135644,FC2PPV-959176超纤细修长的白皙少女19岁高中生,03-22
135646,FC2PPV-946380初次拍摄清纯大乳天然少女JD性欲觉醒渴望的大学生私处痉挛自慰巨大阴蒂全勃起爱液丝线牵引的蜜汁滴答连续高潮射精,03-22
135648,FC2PPV-951400泪崩中出高潮严禁泄露身份S级美女教练永久珍藏版不行啊我要射了男女连续高潮大喷浓精液超厚底裤啪啪,03-22
135652,FC2PPV-939667逆转射精S级清纯大奶少女汗流浃背的浓情水手服报复腰酸腿软连续高潮复仇穿刺紧致骑乘位,03-22
135657,FC2PPV-958056肤白苗条的成熟美女,03-22
135663,FC2PPV-956349无法抗拒的性感身材离异美女,03-22
135664,FC2PPV-949697纯新人类23岁治愈型帅哥最后在腹部大量射精,03-22
135669,FC2PPV-950699初次拍摄的美少女制服生硬插爱抚短发似桐美玲清纯校服版育子小姐首次挑战超粗振动棒过度高潮让阴茎沾满蜜汁最后终于解禁了射精,03-22
135673,FC2PPV-955571私摄激发生育本能的美女妻子美咲小姐,03-22
135674,FC2PPV-950146真实无套性交内射,03-22
135681,FC2PPV-960412可爱瞳诱惑菊地美似难以驾驭的处女体验美女首度登场初次尝试乳液润滑变态玩法彻底沦陷超级喜欢硬挺的大阴茎服务,03-22
135682,FC2PPV-957109突然直插SS级绝美大奶女职员国宝级粉红色狭窄阴道及超级敏感乳头湿透丝袜引发高潮喷射,03-22
135691,FC2PPV-963844偷窥别人老婆一起做爱,03-22
135692,FC2PPV-945499顶级美女教练现身制服长筒袜献祭天使,03-22
135693,FC2PPV-954057OL阿姨25岁首度见面与知名私立大学毕业的学生性爱射精,03-22
135690,FC2PPV-959306昔日女高中生妈妈与情人连续偷情高潮迭起可爱至极的娇喘连发性感身躯被狂轰滥炸丈夫射精时Kazuya君也尽情释放,03-22
135689,FC2PPV-94556742岁丰满熟妇爱子的初次偷拍性行为久违的激情重逢想和我做爱请先口交,03-22
135688,FC2PPV-944257超值重售猫咪女装的菜月酱香雪子小姐的浴室口交,03-22
135685,FC2PPV-958322在男友外派期间与那个让他分心的偷情女友共度时光时却意外接到了男友的惊人表白朋友的情人,03-22
135684,FC2PPV-966086与客户公司总裁及其妻子进行蒙眼三人行违反计划的对妻子插入并射精丈夫沮丧地跟在后面妻子高潮喷射被陌生人的棒子俘虏,03-22
135683,FC2PPV-939144禁欲女白领奈28岁狂野内射性爱让她私处湿透确定上瘾的高潮满足感,03-22
135680,FC2PPV-966500私摄好友诱惑以朋友之名偷拍了一次第一集霞,03-22
135677,FC2PPV-961209私摄射精不伦将刚结婚18岁的少妇带回家偷拍虽然对不起丈夫但我夺走了妻子的欢心,03-22
135675,FC2PPV-963489私人拍摄美18岁纯真紧实高潮女大学生集体射精,03-22
135671,FC2PPV-944282初次拍摄完全露出脸庞F罩杯美巨乳黑发美少女JD18岁无毛阴道内射精高潮大满足最喜爱让阴茎感到舒适首次直播性爱引发真实泪崩,03-22
135670,FC2PPV-953408首度拍摄完全露出脸庞偶像级可爱白皙瘦长少女19岁学业优秀JD初体验现场中出美丽紧致的55厘米神腰围禁止下流词汇的优等生被大量射入,03-22
135668,FC2PPV-951994私摄无罩杯招募拍摄活动首次捕捉到的熟妇孕妇激情高潮内射性爱怀孕7个月Mizuki26岁,03-22
135667,FC2PPV-950267私拍娜琪19岁怀孕5个月19岁少妇现场活塞大量射精,03-22
135662,FC2PPV-953939佐藤遥希裸露流出,03-22
135660,FC2PPV-946426私摄22岁细腰美女大学生大量射精到丰满胸部,03-22
135659,FC2PPV-949040私摄魅惑的瘦长熟女绿老师现场直击大喷射,03-22
135658,FC2PPV-939842偷情私摄肌肤如蜜桃的超级完美身材医生的妻子25岁被强行性爱不行却被我玩弄制服,03-22
135656,FC2PPV-4861556无偷拍娇小肤色白皙可爱迷人身体各部位都很敏感的美女今天又应要求前来光顾以长油为特色氛围显得成熟,03-22
135653,FC2PPV-959286纯新人类28岁上班族冷静型帅气欧巴私摄第103辑,03-22
135651,FC2PPV-962880-高中生爱恋男友但更痴迷巨棒的变态少女被NTR性侵娇小光腿萝莉身材内心却极度色欲狂躁紧致蜜穴激烈撞击后痉挛,03-22
135650,FC2PPV-939339初次拍摄完全露脸比基尼晒痕性感E罩杯美女19岁处男第一次现场射精满脸通红害羞私密部位湿润大棒深入美臀肛门张开,03-22
135649,FC2PPV-948271佐藤遥希裸出自慰实录,03-22
135645,FC2PPV-961124私摄放纵瘦长主妇小姐的色情狂热游戏现场活射精,03-22
135643,FC2PPV-947135美女妻子一日私奔之旅露天温泉连续高潮喷射舌吻深喉满口浓稠精液洒满脸庞,03-22
135641,FC2PPV-960199私人拍摄女仆天使小姐的现场射精性爱,03-22
135640,FC2PPV-4861396无经验素人现场射精美女与大叔见面即深入舌吻一发彻底折磨私处大量喷溅硬棒猛烈撞击引发尖叫现场射精永久,03-22
135639,FC2PPV-951028熟女大奶偷情发展丈夫睡着时的深夜约会与偷拍摇摆的大奶和过于色情的身体自由射精满载,03-22
135638,FC2PPV-962187初次拍摄完全露出脸庞现役女教师清纯白皙美女26岁首次尝试偷拍挑战人生初的现场插入与现场射精优雅千金紧贴多毛阴部摩擦勃起棒状,03-22
135636,FC2PPV-962148我的收藏32岁盐颜帅哥成熟人的爱抚竟然19,03-22
135634,FC2PPV-942220雪白E罩杯美大奶偶像级可爱少女18岁这是最后吗激情现场插入大量现场射精窗边站立后入式阴道与肛门被浓稠精液浸透摇晃着美丽的大奶,03-22
135633,FC2PPV-949147原AKB48研究生南平洋公开露脸,03-22
135627,FC2PPV-964179大奶成熟妇人美咲的第二次婚外情秘密聚会现场喷射式活塞拍摄她极度色欲混乱连续高潮尖叫达到极致,03-22
135626,FC2PPV-941790夺妻NTR完全版私摄,03-22
135625,FC2PPV-941120私摄卡娜子30岁清纯慢熟大奶性感身材家庭主妇现场直射精液狂喷,03-22
135622,FC2PPV-952877真裸奔危险娘醉酒全裸展现母性魅力与摄像机失联的疯狂性爱,03-22
135621,FC2PPV-4861430首度归国的健康肤色户外美女是为了学语言吗阳光下痕迹美的身体被大棒深入至深处痉挛抽搐将我浓厚的DNA植入种播,03-22
135619,FC2PPV-948749限定期真实无剪辑视频第六集,03-22
135617,FC2PPV-958022私拍恶魔的高速撞击连发让美女妻子纱织夫人现场怀孕多次射精,03-22
135616,FC2PPV-96478718岁黑发萝莉JD全脸露白天羞涩性爱深夜亲密缠绵渴望阴道内射精雪白幼体在自然光下暴露羞耻感不知不觉转化为性兴奋疯狂高潮自慰,03-22
135613,FC2PPV-949027痙攣絶頂無許可連続中出超S級敏感彼氏気持,03-22
135611,FC2PPV-941245私摄无大奶H罩杯的处女孕妈因欲望不满疯狂寻找真男人当然这次也是全程实拍射精自由,03-22
135610,FC2PPV-4862649总计五次美丽身材苗条的新入职女儿又要射了面对三根阴茎的包围彻底崩溃滴落式内射坚定地承受并达到高潮共计五次,03-22
135609,FC2PPV-941125迷失欲望的M型小学教师熟女我是个连自己都惊讶的超级M仅与丈夫有过男性经验个人拍摄,03-22
135608,FC2PPV-939873大罩杯日本美女首次拍摄激情偷拍视频连续三次射精能否让她怀孕,03-22
135607,FC2PPV-944129私拍雪的19岁神秘双马尾口交爱好者的大量射精,03-22
135606,FC2PPV-946626私摄无罩杯纯真短发萝莉孕妇小姐珍藏私摄首次拍摄心跳射精性爱怀孕8个月篇19岁,03-22
135604,FC2PPV-946561私摄无与杏共度高潮19岁大学生第二次亲密接触穿着爱丽丝舞台服装的她尽情享受了爱之性,03-22
135603,FC2PPV-4862856未剪辑猥亵孕妇终极降临进入第9个月的美丽孕妇和香酱医生都建议请停止性行为那么就叫她出来最后狠狠地干一次吧温柔,03-22
135601,FC2PPV-951724欢迎回家未来酱好久不见的她为何突然回到JK时代当然不会手下留情直接射精个人拍摄,03-22
135595,FC2PPV-958227私摄无大胸H罩杯孕妇因欲望不满疯狂寻找真男人当然这次也是全程实拍射精自由,03-22
135592,FC2PPV-956931与小我几岁的少妇的私奔一日游秘密约会高潮内射临回家前必须回去,03-22
135590,FC2PPV-941222无缘野优全流出2,03-22
135586,FC2PPV-95663724岁傲娇美女前台接待员全脸露出美腿迷人在白日羞涩性交与深夜紧密热恋中多次阴道高潮其实内心渴望的却是被征服的冷酷美人最终以,03-22
135584,FC2PPV-940547真人原图视频第五辑,03-22
135581,FC2PPV-952338私摄32岁湿润敏感短发家庭主妇现场直击全射精高潮,03-22
135577,FC2PPV-953984成熟美妇48岁成熟美妇萨奇以大棒狂欢至高潮额外高潮,03-22
135574,FC2PPV-940349夺妻NTR完全版私摄,03-22
135572,FC2PPV-941216无名女神全流出第二部,03-22
135571,FC2PPV-947806罕见视频全脸露肉肤色白皙F罩杯超巨乳临近分娩的性感19岁少妇求中出腹部鼓胀摇晃至高潮眼白翻飞宝宝没事哦再猛烈点啊,03-22
135569,FC2PPV-957394限时特惠真实无剪辑视频第8集,03-22
135568,FC2PPV-948765专业家庭主妇美子的秘密约会出轨疯狂高潮射精初次体验摇晃着柔软的奶油色白皙大奶尖叫达到性高潮享受性爱的放纵妻子不容错过,03-22
134369,FC2PPV-969787成为爱奴的人妻以新婚人妻由希子为例出轨,03-21
134286,FC2PPV-990262少女体型萝莉脸蛋黑发短发美少女,03-21
134289,FC2PPV-971913熟女露娜小姐45岁,03-21
134290,FC2PPV-983937纯真朴素萝莉,03-21
134293,FC2PPV-982016射精G大奶妹,03-21
134296,FC2PPV-994263巨乳超级棒,03-21
134300,FC2PPV-997585晒黑后更迷人超级敏感的性感姐姐,03-21
134302,FC2PPV-991291与现役偶像的秘密交往一年间的相遇性爱,03-21
134303,FC2PPV-975850偶像级透明感与18岁S级美少女现场射精,03-21
134304,FC2PPV-967816射精SS级绝美容乳女职员,03-21
134307,FC2PPV-968920萝莉美少女的私密诱惑与处女体验19岁少女被大叔高超技巧狂虐确定怀孕的现场活塞射精性爱,03-21
134308,FC2PPV-968470纤瘦美女,03-21
134314,FC2PPV-970408私摄无重生真色情漫画老师cos直播中性爱哥哥肛交,03-21
134315,FC2PPV-980563女神级长腿美妇,03-21
134317,FC2PPV-985146超级热门美女哺乳妈妈,03-21
134319,FC2PPV-988281首次拍摄18岁胖妹可爱GAL绫酱,03-21
134320,FC2PPV-979466国宝级粉色紧致阴道,03-21
134323,FC2PPV-985129无套超可爱的女友,03-21
134329,FC2PPV-989182校服现射SS级美大奶,03-21
134331,FC2PPV-974751现役女仆咖啡店美少女佳奈18岁激情高潮射精满载女儿多次飞升狂野现场手淫初射心,03-21
134332,FC2PPV-985926邀请好友让他一整天成为性处理肉便器,03-21
134333,FC2PPV-967989再遇援交拍摄,03-21
134338,FC2PPV-988637夹射精精子倒流纯真朴素萝莉,03-21
134340,FC2PPV-973503口交受精SS级超美乳OL,03-21
134341,FC2PPV-984892疲惫系干干净净少女小姐,03-21
134344,FC2PPV-990108巨乳直射紧致顶级身材的姐姐每次深入冲击都能多次高潮的现场实拍生交射精性,03-21
134345,FC2PPV-990175SS级超级美女一炮80万,03-21
134348,FC2PPV-970290出轨大奶熟妇,03-21
134352,FC2PPV-988295首度拍摄身高145cm的小尺寸家庭主妇外表温顺难以想象的积极热辣性爱,03-21
134356,FC2PPV-986967女学生希酱19岁,03-21
134368,FC2PPV-966827平躺时我们用上下嘴唇玩得开心,03-21
134380,FC2PPV-985777天真无邪萝莉白皙美少女首次生中射精,03-21
134381,FC2PPV-992456私摄好友诱惑以朋友之名偷拍了一次第三集小春,03-21
134379,FC2PPV-985411私摄好友诱惑以朋友之名偷拍了她第二集隅田,03-21
134378,FC2PPV-986856铃村爱里流出第二弹便利店员工,03-21
134377,FC2PPV-982719-双鬼阴茎x熟女三人行被深入阴道的强力三人性交弄到高潮脸的人妻假名32岁毫不留情地将巨大的根插入阴道深处进行强烈三性行为露出高,03-21
134376,FC2PPV-980638裸脸偶像级可爱超瘦白皙少女19岁制服状态下现场直射大量精液喷射初次电击按摩引发高潮秒杀无毛美乳被棒子深入分泌出蜜汁和真情实,03-21
134375,FC2PPV-977772私摄美丽大奶紧致少女静子小姐的现场射精集体高潮,03-21
134374,FC2PPV-990080不伦偷拍明明是平凡的家庭主妇却因偷情的快感坠落成为了一位有孩子的母亲,03-21
134373,FC2PPV-968861初次拍摄笑容可爱的白皙美少女软萌D罩杯大奶J女大学生18岁第一次现场射精开心到舔自己的分泌物的色情口技湿润的小阴唇和勃起的鸡,03-21
134372,FC2PPV-996647私摄美丽大胸性感内衣的亚香酱现场实拍全射精高潮,03-21
134371,FC2PPV-974376私摄爱稀38岁清晰质朴的高潮大奶夫人大量射精,03-21
134370,FC2PPV-970404全裸流出私人拍摄清纯大奶大学生教育学部21岁初次偷拍性爱体验纯真脸庞下不和谐的色乳圈谈恋爱情况保密可爱喘息声中飞溅的精液让,03-21
134366,FC2PPV-994318私拍伦子38岁三人行偷情篇清晰迷人善解人意的中年女性在丈夫面前接受陌生人的插入困惑与欢愉之间的边缘探索,03-21
134364,FC2PPV-992688甜美孕妇笑容可爱的甜美孕妇mami酱为缓解孕期欲望不满与猛男面具人进行激烈性爱私人拍摄附赠评论奖励,03-21
134361,FC2PPV-986183私摄24岁模特美臀女与颈圈性爱,03-21
134360,FC2PPV-972018失去处女一年后肤色白皙的S级美少女19岁终于达到无毛阴道粉色残留处女膜的阴道口插入阴茎进行内部观察忍耐肉棒活塞式插入时的疼痛,03-21
134358,FC2PPV-980330私摄悠卡35岁极度喜爱口交的顺从丰满大奶妻大规模射精,03-21
134357,FC2PPV-966922在丈夫的内衣下偷走她与18岁小妻子爱莉的婚外情一夜狂欢连续射精我变成了顺从的玩具性妻,03-21
134354,FC2PPV-971657现场射精NTR乃坂白石衣的相似不忠妻子从无聊的日子里解放出来对陌生人的棒子兴奋不已道德观念松懈的家庭主妇比老公的更舒服在现场,03-21
134353,FC2PPV-993015成为我的泄欲工具吧勾引他人的成熟少妇一美之女突然被召唤强制进行性处理训练成奴隶肉振動器真实地在高潮喘息的20岁女儿现场即插,03-21
134351,FC2PPV-977906私摄美咲20岁G罩杯超爱做爱的大胸女现场射精,03-21
134349,FC2PPV-981888真实视频女性43岁专业大学生小X酱18岁第60次怀孕调教第一次21周零6天的孕妇腹部射精,03-21
134343,FC2PPV-984181初次拍摄的萝莉美女身穿制服被强行插入无法抗拒地流出大量淫水的震撼画面口交技巧也绝对值得一看,03-21
134342,FC2PPV-983448初次拍摄美丽孕妇雷娜小姐22岁身材超棒怀孕但性欲旺盛的高潮连发射精性爱个人拍摄,03-21
134339,FC2PPV-983623首度拍摄全脸公开初次三人行某知名百货内衣区工作的放荡姐姐正好在排卵期的连续射精到底会是哪个孩子呢大量的精子俄罗斯轮盘游戏,03-21
134334,FC2PPV-968635私摄无G杯大姐姐的高潮部分2按摩乳液自慰喷射高潮性爱完成,03-21
134330,FC2PPV-974724无剪辑个人拍摄邻居老婆的诱惑者3只看被插时的反应绝对让你惊喜尝试蒙眼给陌生人的棒子后她竟然不知不觉高潮了NTR,03-21
134328,FC2PPV-970998清晰展现插入乳沟的强烈冲击感垂直飞溅的种子爱抚,03-21
134327,FC2PPV-978029初次拍摄完全露脸美胸美腿美臀身材棒的23岁美女现场直插大量精子喷射全身性感带的服装店员全情投入阴道高潮不断爆发在求精液注入,03-21
134325,FC2PPV-967658真实流出私人拍摄搞笑系店员素颜吃套求爱背着男友的第一次偷拍性行为大量精液喷发后被骂过头了新手,03-21
134324,FC2PPV-992707初次拍摄展示真容巨乳G罩杯的诱惑曲线身材翻译版色白美女禁欲NTR性爱阴茎深埋的紧致胸围贪婪的湿吻口交与陌生男子肉棒共舞不断阴,03-21
134322,FC2PPV-994255私拍24岁萌妹F罩杯超美巨乳护士狂射精高潮,03-21
134316,FC2PPV-994522哺乳自慰双美妈咪聚会米奇莱科与处男的母乳满溢自慰派对淫荡二人组进行猥亵3P性爱教学及处男手淫初射笑场私人拍摄,03-21
134312,FC2PPV-994390失去处女一年后色白清纯S级美少女19岁温泉旅馆的激情热恋性爱露天浴池初次户外体验性行为残留处女膜的无毛阴部接受活塞插入紧密接,03-21
134311,FC2PPV-970620私人拍摄花18岁美少女偶像初次体验,03-21
134310,FC2PPV-996933全脸露出色白E罩杯美巨乳偶像级可爱18岁少女浴室里求阴道射精满身润滑液粉红色小阴部被紧贴的超短比基尼吞噬大量现场直击生中出,03-21
134306,FC2PPV-971886私摄痴迷大臀部的短发少女奈津酱现场实拍直射精液狂喷,03-21
134305,FC2PPV-974653强烈推荐首次拍摄18岁处女之失大量分泌白汁起初有些紧张但逐渐变得非常愉悦超级新鲜感满满大学生不断痉挛颤抖着,03-21
134299,FC2PPV-967874成熟女性惊人罕见48岁熟女因欲念失控在浴室自慰狂欢,03-21
134298,FC2PPV-990297实现与金发大胸美人的射精梦索菲亚,03-21
134294,FC2PPV-974914黑皮真实射精新体验臀部超棒还有阴部是粉色的,03-21
134291,FC2PPV-968521私摄与脱俗嫩滑大奶少女泉酱的重逢纪念射精,03-21
134287,FC2PPV-988273初次拍摄全脸露出D罩杯美乳美臀美腿的黑发美女24岁现场直插大量喷射阴毛和屁毛密布汁液满满滴在高潮中恳求阴道内射精,03-21
133271,FC2PPV-1021432满足你所有愿望邀请而来的陌生大D先生,03-20
133274,FC2PPV-4863320优雅白皙的钢琴老师,03-20
133275,FC2PPV-4862983个子矮小的女孩,03-20
133277,FC2PPV-4863906身材白皙性感胸部丰满的素人,03-20
133278,FC2PPV-998950娇小柔弱的妻子在丈夫面前被另一个男人的热情精液灌满,03-20
133282,FC2PPV-4862969迷你妈妈风月酱,03-20
133286,FC2PPV-1020785美到犯规的F罩杯女主持人,03-20
133289,FC2PPV-4863589梦想成为声优的OL拥有曼妙的身材,03-20
133294,FC2PPV-1021336纤细少女体型超短发可爱的童颜18岁女孩,03-20
133296,FC2PPV-997881超级认真美女,03-20
133303,FC2PPV-4862864薮田诊所的4P群交,03-20
133313,FC2PPV-1021330美乳喷射顶级身材的茜小姐再临一如既往的性感大姐姐以治愈系女仆装款待您激烈高潮喷射内射性爱笑声个人拍摄,03-20
133310,FC2PPV-4862966身材苗条的22岁黑发女大学生,03-20
133314,FC2PPV-4862988身高170cm黑色波波头美女,03-20
133315,FC2PPV-997063丰满巨乳的荡妇,03-20
133316,FC2PPV-1021880-大学生性俱乐部群交派对,03-20
133317,FC2PPV-1020757把赤裸的阴茎插入偶像级业余模特,03-20
133319,FC2PPV-4863607一位拥有傲人胸部的幼儿园老师,03-20
133320,FC2PPV-998870身材丰满外表清纯的漂亮治疗师,03-20
133324,FC2PPV-4863918超级可爱的G罩杯丰满美女,03-20
133322,FC2PPV-1015781初次拍摄完全露出脸庞肤色白皙D罩杯美巨乳韩流偶像般的性感帅气19岁少女的粉嫩美胸大量生中射精羞涩与兴奋让阴道口肛门大开勃起阴,03-20
133321,FC2PPV-1021777首映肋骨体重不足40kg的黑发瘦长萝莉降临展示着肋骨猛烈地骑乘位虽然感觉非常舒服但骨头碰到时真的很疼个人拍摄,03-20
133312,FC2PPV-1020777射精26岁E罩杯某知名百货公司员工的性感美女姐姐在圣诞节被装扮成圣诞老人进行射精我今天才发现忘记发布了抱歉个人拍摄,03-20
133311,FC2PPV-4863929私摄成熟少妇与NTR现场性爱双发高潮爆炸手淫后的口腔发射,03-20
133309,FC2PPV-102181936岁公交车导游熟女月叶换上水手服偷情大尺度激情爱抚脑浆流淌高潮喷射令人震惊的阴道压力下意外射精,03-20
133306,FC2PPV-1017322首秀发现就解雇18岁在校兼职女优关乎偶像生涯的强行初射面容公开,03-20
133305,FC2PPV-4862980连射3次在日体大陆上部锻炼的细长美人体再次出现羞涩中湿透的私密处运动员无法遏制的欲望滋润身心的男人精液,03-20
133304,FC2PPV-1021668S级清晰系傲娇眼镜女高中生阴部感觉好爽G点直击贪婪自慰连续高潮爱液喷射无法完全收敛于狭窄阴道细指摩擦子宫口达到盆腔高潮坠落,03-20
133301,FC2PPV-1017380-鬼般硬度大阴茎熟女淫荡32岁熟女化名沉迷于情人的魔鬼硬棒欲罢不能讲述与轻浮家庭主妇的秘密情事记录个人拍摄,03-20
133297,FC2PPV-4862914无丈夫在家保护期间由四个大阴茎黑人在场下对美丽熟妇里奥进行连续射精的不忠怀孕超级硬核五人行,03-20
133295,FC2PPV-1019035母乳快活炮美女妈妈美琪与多人大乱交高潮迭起连续被众多男性插入满心愉悦的美琪温柔安慰喷射男的天使妈妈当然全程真实插播内射大,03-20
133292,FC2PPV-1020046私人拍摄人气女性的身体观察日记3原创,03-20
133288,FC2PPV-4863221翻转计划这就是马桶连续攻击连声音都发不出的地狱全景18岁的小小身体似乎要崩溃了无需废话粗暴猛烈的撞击,03-20
133285,FC2PPV-1019007美少女孕妇雷雷临近预产期的真挚射精性爱个人拍摄,03-20
133283,FC2PPV-1019002母乳自拍美女妈妈美琪6人混战高潮迭起上被众多男性接连插入满足至极的美琪释放激情的爸爸也被温柔安慰的天使妈妈当然包含真实射,03-20
133281,FC2PPV-1018829私摄里咲33岁美艳淫荡主妇的大量射精场面,03-20
133280,FC2PPV-1019667初次拍摄全脸露馅声音与声优惊人相似的空中服务员压倒性的纯情派认真学历高的女孩夜晚失控的模样不可错过初次射精的现场实拍,03-20
133279,FC2PPV-4863694多次玩过的原野叛逆金发女孩竟意外地以清纯黑发变得淑女般彻底转变为纪念重逢的现场射精理智几乎崩溃在所难免,03-20
133273,FC2PPV-1021439私摄深夜巴士从关东来参加推荐乐队现场的沙娜酱与朋友在看演出前以海风造型装打扮得划算又好看,03-20
133272,FC2PPV-1021786年初21岁美女大学生独家直播穿越至J系时代性爱个人拍摄,03-20
133269,FC2PPV-1021461纯新人32美咲18岁学生制服喷水敏感女捆绑脸射清洁服务口交遮面自慰,03-20
133267,FC2PPV-999012全裸展示肤色白皙E罩杯美巨乳如同偶像级的可爱18岁少女在私人性温泉之旅中的露天户外初次羞涩性爱体验大量分泌爱液尽情享受浴衣装,03-20
131822,FC2PPV-1003246最强萌妹阳光健康雀斑笑容的天然系美女现场射精,03-18
131823,FC2PPV-4860116会计事务所的职员,03-18
131837,FC2PPV-1002584初次拍摄全脸露出雪白大胸绝叫声欲猛兽熟妇现场直射双发,03-18
131838,FC2PPV-1002937超大规模制作现役模特的五人狂野场面,03-18
131840,FC2PPV-1007180丝滑萝莉天使,03-18
131841,FC2PPV-1007318纤细的美少女黑发短发很可爱认真的一流生JD18岁第一次现场射精清纯外表下粉嫩美胸大喷水半哭的表情不断,03-18
131842,FC2PPV-1003439连续高潮现役女仆咖啡店佳奈18岁臀部被掌掴生射尖叫连连极度爽快的喷射让她兴奋不已再次进行内射,03-18
131867,FC2PPV-1005530幼态身材中学生般的萝莉脸庞纯真黑发少女首次青奸达到高潮白天羞耻游戏与野外生交她恳求着在阴道内射精汁液不断流淌,03-18
131869,FC2PPV-4860401前偶像美咲酱深陷新宿区结果上演了射精实拍全过程,03-18
131870,FC2PPV-1015143他人妻爱奴3号VS租借女友我这个女人也能租吗首次接受主人的使命体验女同性恋,03-18
131871,FC2PPV-1001883眼镜熟女连续射精F罩杯大奶SS级清纯美女野外群交换人体验过的变态完了我要死了不怕怀孕全身心磨擦技巧彻底堕落受孕,03-18
131872,FC2PPV-1004251素人里弗小姐,03-18
131873,FC2PPV-1010691无套大乳头浓毛胖孕妇再次来袭,03-18
131881,FC2PPV-1036779可爱年轻孕妇,03-18
131882,FC2PPV-4862115贫乳美少女的兼职竟是FC2成人视频,03-18
131894,FC2PPV-1015014双美妈咪大乱斗再掀高潮变态妈妈全开模式母乳满溢的群交后肛交现场射精惊喜,03-18
131896,FC2PPV-1005556初次拍摄性感可爱的孕妇酱25岁渴望的少妇用电击棒自慰至高潮对久违的真实男性兴奋不已最终完成了内射,03-18
131897,FC2PPV-1036802超级可爱的兼职小妹,03-18
131898,FC2PPV-4860023F罩杯性感大胸,03-18
131907,FC2PPV-1007341美女孕妇再现蕾娜小姐的诱人眼神久违性爱让她湿透狂喷射紧致无匹的私处深度满足,03-18
131914,FC2PPV-1036768私拍初次拍摄黑长直清秀瘦削但有F罩杯大波的迷人身材与成熟妻子子酱深入性爱,03-18
131916,FC2PPV-4860280美女与恶心男子9人共同演绎梦想无事不为双肛交舔改装阴茎登场引发窒息变态玩法,03-18
131917,FC2PPV-4861456娇羞满分淳朴海岛成长18岁刚毛粉红色阴道张开大笑极小阴部全裸观察口交自慰湿漉漉超级近距离拍摄,03-18
131921,FC2PPV-1003412私拍红23岁床边三人行特别篇关西口音年轻主妇当着丈夫面被插入陌生人的棒子在爱恨交加的欢愉漩涡中,03-18
131918,FC2PPV-1004935私摄好友诱惑我假装朋友状态进行了偷拍第四集馨子,03-18
131915,FC2PPV-1003504全脸露出早退的梦幻19岁复出禁忌的脸部展示最后是站立后入式射精大结局,03-18
131913,FC2PPV-1003360私摄26岁麻亚性感翘臀瘦长美少妇的集体大射精,03-18
131912,FC2PPV-1007274私拍五十嵐美香41岁三人行偷情篇绝经前的家庭主妇在丈夫面前被插入陌生人的棒子子宫内注入精子,03-18
131911,FC2PPV-4861415舔舐流出的精液超级喜欢做爱的小细腰女孩新晋美人鱼小珍珠向舰载机迷你妈妈满月小姐尽情射入了第三部分高潮快感篇,03-18
131910,FC2PPV-4861199结婚第2年肤色白皙丰满美女妻子在丈夫不知情下还清债务丰盈胸部摇摆间紧贴着送子入子宫的熟妇私处进行人工受精与现场射精,03-18
131909,FC2PPV-4860129无码超可爱真妹子层层酱原始申请视频全裸狂射超级爱做爱的大屁股丰满美乳淫荡至极的现场直拍,03-18
131906,FC2PPV-1005452私人拍摄怜29岁蒙眼偷情篇与丈夫互换的陌生男人在新婚妻子的柔软肌肤上进行了大胆发射,03-18
131905,FC2PPV-1001384私摄顶级成熟美女纱织小姐现场实拍三人行大喷射,03-18
131904,FC2PPV-4861874驯服初涩的十九岁少女呈献给传奇次郎先生的脸射体验,03-18
131902,FC2PPV-1012210嫩模女郎让19岁穿上兔女郎Cosplay并现场射精,03-18
131901,FC2PPV-4860687首拍外表诱人却经验较少的高学历美女老师逐渐我柔软衣物下隐藏的美好大胸与美丽臀部集中于一条肌肉棒上的滚烫精液,03-18
131900,FC2PPV-4861886超级浓密长腿面容完美全程高潮不断快要射了再忍耐一下尽情享受更强烈的射精吧,03-18
131895,FC2PPV-1006627全脸露馅完美紧致55cm女神腰线偶像级可爱超瘦白皙美少女19岁在大白天的羞耻性爱中从无毛阴道流出浓汁大量射精到子宫深处达到高潮,03-18
131892,FC2PPV-1007314无剪辑个人拍摄新婚少妇雪子坠入深渊蒙眼与新的主人见面通过三人行调教成为爱从者被偷走,03-18
131891,FC2PPV-4861053再编辑版夜晚也难以自持的34岁熟妇两年未尝陌生人的棒子让她欲罢不能,03-18
131889,FC2PPV-4861832露脸真实女孩前来做爱事案例123深红色性感爆表的黑色长发大学生小纱22岁她的内衣超诱惑人,03-18
131888,FC2PPV-4861873首映录租借汽车店接待员全天候租赁体验一试之下发现完美身材难以置信的翘臀引发欢愉与喷射高潮初次尝试令人极度兴奋,03-18
131887,FC2PPV-1010221未剪辑白人女大学生罗拉初次性体验篇,03-18
131886,FC2PPV-4862888无剪辑个人拍摄想尝试冒险心跳加速结婚五年后31岁萝莉脸主妇首次放纵婚外情再次被男人温柔对待时发生惊人之事,03-18
131884,FC2PPV-4861531私瞒着丈夫与大胸臀美少妇和两个黑人大叔进行连续双人深喉射精让其怀孕的不伦硬核三人行,03-18
131883,FC2PPV-1010968初夜人妻小雪堕落带着眼罩见新主三人行调教终成情奴睡人妻,03-18
131879,FC2PPV-1005697开始肛交惩罚因出轨而被处罚的佐菜里工作时接到电话进行肛振动棒与大阴茎刺激现场射精并附带口交至满脸,03-18
131878,FC2PPV-4862609即时射精素人未修正150cm娇小D罩杯美巨乳纯真黑发制服活力四溢的童颜玛蒂亚普小姐一见面就激情交欢现场插入多次高潮完成内射,03-18
131876,FC2PPV-1011061初次拍摄完全露脸15038娇小纤细的瘦长裸体天真无邪少女面容美少女生第一次生交现场射精阴道高潮迭起几乎毫无男性经验极度兴奋于未,03-18
131875,FC2PPV-4860582未剪辑怀孕85个月怀抱变大的肚子的新婚孕妇熟妇与约两个月后的重逢,03-18
131868,FC2PPV-1002077私人拍摄37岁美雪被替换丈夫的陌生人在不知情的家庭主妇体内大胆射精,03-18
131866,FC2PPV-1037513初次拍摄紧张到硬邦邦转动摄像头竟然花了两小时一旦开始就是露出脸蛋的射精现场哦个人录制,03-18
131865,FC2PPV-4861113社交障碍的内敛男性模特被狂野大棒尽情满足至个人喜好无剪辑射精自定义,03-18
131864,FC2PPV-1035938蚊香社今永纱奈真实流出,03-18
131863,FC2PPV-4860804高潮喷射正经的幼儿园老师竟然发生了高潮喷射用玩具手动甚至插入什么都高潮不断连续强力射精无法抵挡,03-18
131862,FC2PPV-1015655骑乘位天才少女全速冲刺无法停止突然射精粗鲁的吸吮声全力以赴的性爱让她脸红到窒息20岁大学生由美小姐第一章,03-18
131861,FC2PPV-4861420无剪辑校花级美女大学生清晰度极高超级美胸纤细身材的校花级美女大学生在大脑右侧感受连续高潮的色情美人与浓烈拍摄性爱,03-18
131860,FC2PPV-4861400首拍特典瘦长身材的羞涩美女大学生因为买贵的东西拍摄申请将黑色大棒紧紧插入私处直捣子宫深处注入滚烫精液,03-18
131857,FC2PPV-1013835失去处女一年后肤色白皙S级清纯少女19岁穿着女仆装的全身心奉祭性爱保留着处女膜的纯洁阴道充满了真挚的汁液在羞耻和兴奋中她的阴,03-18
131856,FC2PPV-4861383无法忍受无性生活小百合夫人逐渐成为性玩物的完整版,03-18
131855,FC2PPV-4862066珍藏影像酒吧美女黑长发熟客倾囊相授终于解锁后门酒店现场活塞射精早晨连续高潮内射,03-18
131854,FC2PPV-4861514无真实赛车皇后大规模喷射和内射高挑苗条美人大回归一如既往的敏感度在痉挛中多次达到高潮,03-18
131853,FC2PPV-4861014未剪辑原空姐美女名媛妻子的淫荡浓情性爱彻底沉沦欲望满溢的大阳具深入阴道连续高潮快感性交,03-18
131850,FC2PPV-4861305野外狂野少女现场射精腰细胸大马上就可行动的极品美少女,03-18
131849,FC2PPV-4860423日本美人mai被大黑人用强震高潮玩具自慰,03-18
131848,FC2PPV-4860134无超级可爱的紧实美少女爱酱第3集现场射精怀孕性行为,03-18
131847,FC2PPV-4860083大奶翘臀熟女关西系无上限爱抚20岁第六棒从口交到直接射精,03-18
131846,FC2PPV-4859818无剪辑腹部肌肉苗条美女浴室刷牙中出射爱抚私密影像揭露东京街头偶遇的B罩杯小胸部按摩,03-18
131845,FC2PPV-4860058无解除禁忌的黑人三人行男友面前美女女友与两个大黑人的激情中出3P狂暴,03-18
131844,FC2PPV-4859777无清晰系纯白美肌女神续集如此优雅的面容下竟藏着淫荡的模样她的私处太过诱人声音也异常可爱大到令人着迷干呕并射入体内,03-18
131839,FC2PPV-1009243出轨美妇人妻佐良邀请外遇准备的陌生棒子让她微笑迎接在工作间隙享受M先生佐良的身体现场射精和喷洒达到极度满足,03-18
131836,FC2PPV-1007329超人气续集美女哺乳妈妈美琪每天都能满足的放荡妈妈真的是天后哦猛烈枪击式高潮喷射精液私摄附赠评论,03-18
131834,FC2PPV-1037466初夜射精F罩杯柔软美大奶OL成熟淫荡少女的深入口交至高无上现场插入生精子狂叫中出射精私人拍摄附赠评论奖励,03-18
131833,FC2PPV-1014839私拍雪奈18岁大奶软绵身体的美白姐姐被狂射精液,03-18
131832,FC2PPV-1009165私摄23岁美少女OL细腰丝滑丰满诱人大量射精满足,03-18
131831,FC2PPV-1001625公开处女丢失一个月还疼吗充满青涩的18岁大学生穿着JK制服进行高潮内射今天也大量真挚液体痉挛湿润,03-18
131830,FC2PPV-1006079目睹女性在线自慰的模样冻条直接扑上去插入新人,03-18
131829,FC2PPV-1010695初次拍摄成熟撩人少女19岁甜美外表下已有百名男性经验的淫荡女孩高潮不断铁杆猛男表现最后意外射中她了个人拍摄附赠评论奖励,03-18
131828,FC2PPV-4861784独家重映续集长发美妇人惊人相似度超级美女妻子连续偷拍射精骑乘位强力撞击直击肛门大幅度开腿自慰极度兴奋,03-18
131826,FC2PPV-4862733无剪辑原偶像练习生超美18岁穿着校服直接插入被紧致的阴道压力激发出高潮忍不住射了,03-18
131825,FC2PPV-4860656挖掘萝莉第二弹因缺钱困扰而卖内裤的大学生被诱惑在户外进行游戏在深夜公园被迫赤身裸步觉醒性欲两次受孕,03-18
131824,FC2PPV-4858369无美丽阿姨户外口交后酒店内射精高潮实拍,03-18
130831,FC2PPV-1044452生命中如此热爱性爱的熟女,03-17
130816,FC2PPV-1058348与18岁清纯白人少女共浴现场激情,03-17
130829,FC2PPV-1044933清纯萝莉天使实现愿望成为芭蕾舞者果然这臀部最棒,03-17
130841,FC2PPV-1050737超纤细模特身材,03-17
130844,FC2PPV-1046162开始以来超级SS级美女降临当然射精,03-17
130852,FC2PPV-1052913萝莉美少女再临小罩杯诱惑学生制服湿漉漉的私处被硬棒直接击中高潮喷射,03-17
130856,FC2PPV-1045910现役40岁模特与2年的禁欲出轨秘密聚会公开与超级S级熟女的喉咙湿润的秘密约会一旦被发现立即停止销售正在激烈地怀孕,03-17
130864,FC2PPV-1046675无情射精在传闻中的合法萝莉偶像塞莉卡体内,03-17
130869,FC2PPV-1054518初次拍摄丰满色情身材的20岁女孩梦梦,03-17
130873,FC2PPV-1052818模特级纤瘦美人萨琪的性感诱惑再次射入体内,03-17
130878,FC2PPV-1050424堕落的派遣男秘书,03-17
130880,FC2PPV-1045563让18岁清纯少女穿上校服现场性爱,03-17
130886,FC2PPV-1055992俄罗斯护士莫斯科出生的36岁美女熟妇现场射精,03-17
130890,FC2PPV-1039114大学生kir小姐18岁首度韩国混血女大学生的无避孕阴道现场射精,03-17
130894,FC2PPV-1044891美胸射精顶级身材的茜小姐再次降临振动棒与电击按摩双倍刺激让她多次达到性高潮激情活塞式插入射精淫荡姐姐,03-17
130897,FC2PPV-1051069超可爱女大学生性感美咲小姐满足你的请求,03-17
130898,FC2PPV-1053861满溢精液合法S级萝莉干干净净的清纯少女互看自慰啊啊会高潮吗零距离勃起阴茎大兴奋天然润滑剂口交喉咙深处撞击泪目奉承,03-17
130893,FC2PPV-1054044无雪肤美女汉娜小姐一年后的性爱高潮迭起仅用手淫她就流淌出与肌肤媲美的白色浓稠精液并一口吞下我的大棒两次,03-17
130891,FC2PPV-1053250招募而来的历史最大码外人棒D先生穿着衣物的现场交配连续喷射像尖叫一样高潮喘息的性感成熟女性妻子,03-17
130887,FC2PPV-1049590超热门传说级美少女吃货合集三部曲初次偷拍到女仆初射泳池中流出性爱,03-17
130879,FC2PPV-1053896私拍花19岁短发丰满专业女大学生集体射精高潮,03-17
130877,FC2PPV-1042318私人拍摄搬家后让前辈体验了年轻妻子的第一次现场直击大量精液注入她那紧致的小阴道,03-17
130876,FC2PPV-1050772无剪辑个人拍摄沉迷老虎机的家庭主妇输得惨被丈夫发现利用她的弱点尝试搭讪,03-17
130875,FC2PPV-1049905私拍香奈21岁真实在校大学生三年级女生现场偷拍,03-17
130874,FC2PPV-1053359纯新人36大学生阿基娜19岁首次尝试三P夜店体验,03-17
130871,FC2PPV-1044827私人拍摄翼28岁违背常规的短发美女大学生小三大规模射精,03-17
130870,FC2PPV-1046851初次拍摄全脸公开拒绝性爱的大小姐首次实拍嫩白肌肤意外的现场射精,03-17
130867,FC2PPV-1050097初次拍摄全脸露出即将毕业的大学生里子小姐在休息最后的日子进行现场射精后悔了也没办法哦,03-17
130866,FC2PPV-1053470私摄初涩少年被F罩杯美少女俘获全过程,03-17
130865,FC2PPV-1049143全脸露馅超级可爱大胸女郎爱拉小姐后篇淫荡女儿深入高潮多次射精的浓情内射性爱私摄,03-17
130862,FC2PPV-1046220初次拍摄体重78公斤的E罩杯20岁兼职女孩直美首次三人行激情射精现场直播个人拍摄,03-17
130861,FC2PPV-1044498首拍黑发清纯型25岁美女OL激情实拍将浓稠精液大量射入美丽阴部直至弄脏,03-17
130860,FC2PPV-1053160路人大学生自慰高潮长腿美体诱惑旅馆偷拍私摄,03-17
130857,FC2PPV-1048311首播一脱即露超级型男大学生外表文静难以想象的敏感少女可爱至极的小萝莉连面具男都欲罢不能笑,03-17
130854,FC2PPV-1047275私摄县立排球部高个子2从仅拍照的约定转至进行性行为,03-17
130853,FC2PPV-1046166迷你中国少女主播亲临粉丝家中访问,03-17
130851,FC2PPV-1049049初次拍摄完全露出脸庞弹跳般的E罩杯美巨乳肤色白皙的迷人臀部和长腿令人眼花缭乱的顶级身材金发短发可爱性感的19岁少女在男友不知,03-17
130849,FC2PPV-1045015高潮满足绝世55厘米女神腰偶像级可爱超瘦白皙美少女19岁穿着女仆装奉陪玩乐羞涩性爱大量现场射精粉嫩阴道全情分泌求精,03-17
130848,FC2PPV-104934120岁在校真实大学生二年级女生现场实拍,03-17
130847,FC2PPV-1050506私拍五十嵐53岁大奶H罩杯敏感乳头夫人狂射精高潮,03-17
130846,FC2PPV-1053284凉子玲子与我的三人行王者游戏被称呼为主人的我由她们两人共同舔弄交替插入两人的私密处,03-17
130845,FC2PPV-1048716未知年龄的miri酱关西居住原赛车皇后黑发丝滑不要生硬却对生硬阴茎感到兴趣,03-17
130839,FC2PPV-1046636过于敏感的年轻妻子怀孕7个月中田家现场高潮琵琶小姐25岁家庭主妇个人拍摄,03-17
130838,FC2PPV-1046630高个大长腿孕妇美美面试时被射精个人拍摄,03-17
130837,FC2PPV-1054040无剪辑私人拍摄熟妇爱奴3号VS租来的女友深入的蕾丝世界现场插入与可爱的她重逢成为快乐俘虏并大胆进行三人中出性行为,03-17
130830,FC2PPV-1052719私人拍摄好友诱惑我以朋友的身份偷拍了她第十集若叶,03-17
130828,FC2PPV-1053728清城雪原汁流出,03-17
130827,FC2PPV-1059689棉花糖F罩杯家庭教师娃娃酱22岁外表稚嫩却淫荡的胸部吸吮与口腔交让紧致变态阴道喷射大量精液,03-17
130824,FC2PPV-1055427未知名演员流出影片,03-17
130822,FC2PPV-1046655无剪辑个人拍摄直播聊天女主播的真容解放为了取悦粉丝摘下口罩进行第二轮大战普通人,03-17
130821,FC2PPV-1051648日向澪原图流出,03-17
130820,FC2PPV-1048819私人拍摄铃音27岁灵敏紧致内敛主妇的大量射精,03-17
130818,FC2PPV-1050232私摄平凡书法社团文学少女2秘密与同居性爱,03-17
129875,FC2PPV-1024786同好之人以朋友心态拍摄的啪啪视频第六弹花名,03-16
129900,FC2PPV-1023891穿着丝袜回家的生肉射精后道歉两个孩子的妈妈沉迷于出轨对不起因为我喜欢舒服的事情,03-16
129920,FC2PPV-1024120无美丽熟女妈妈久违地让老公之外的粗壮大棒狠狠活塞运动了一番,03-16
129929,FC2PPV-1022029私摄丈夫不在家孩子去补习在深爱的孩子的房间里哭泣被涂满爱液的阴道里塞入陌生人的精液,03-16
129869,FC2PPV-1034240巨乳骚女快感连连啊出轨棒彻底沦陷连续高潮尖叫,03-16
129871,FC2PPV-1029526清晰少女空降生肉天然朴素萝莉成长期胸部声优似女儿服务男性技巧传授啊硬邦邦湿润勃起阴茎自行骑乘穿刺撞击,03-16
129874,FC2PPV-1031020S级美女70万初次拍摄22岁偶像脸蛋现场射精到纯白美人身上,03-16
129876,FC2PPV-1024703F罩杯JD美华油光水滑超短比基尼胸部,03-16
129877,FC2PPV-1026923纯黑长发美少女美丽胸部樱子乖乖接受射精,03-16
129881,FC2PPV-1023173私摄无套那个乃亚小姐也怀孕了她对刺激的敏感程度依然惊人满溢出淫液,03-16
129887,FC2PPV-1034291爱死的45岁美女真实的小学女校长现场射精门前害羞裸露金发普通人欧洲家庭主妇真人实拍性爱,03-16
129892,FC2PPV-1025709娇妻复出怀孕8个月的性感妈妈里香再登场已孕8月性欲爆发私摄连续高潮喷射精液,03-16
129907,FC2PPV-1035407在酒店两个陌生人的棍棒侵犯了她让她在洞里被弄脏并射精,03-16
129908,FC2PPV-1026452再掀激情高潮人气美妈双人狂欢前篇变态辣妈全速出击母乳满溢的乱交到肛交生射精惊喜特别玩法让人大吃一惊,03-16
129909,FC2PPV-1035913召唤丰满F罩杯小春到出差地点酒店在制服下完成射精,03-16
129917,FC2PPV-1023192绝顶高潮射精的美巨乳女郎爱拉24岁无法抵抗性欲的魅力,03-16
129924,FC2PPV-1022385同性初体验三P,03-16
129930,FC2PPV-1025608美女未经允许的现场射精,03-16
129931,FC2PPV-1025646自然萌新少女成长期胸部声优般女儿勃起乳头敏感小鸡鸡被玩弄可爱喘息声溢出的极致快感,03-16
129932,FC2PPV-1025942私人拍摄初次模特,03-16
129933,FC2PPV-1023677久违的胖妞女友高潮期能拒绝其他男人的诱惑吗,03-16
129935,FC2PPV-1032271平胸E罩杯美少女让瑞娜穿上豹纹紧身衣现场射精,03-16
129940,FC2PPV-1020363模特级长腿美女接受大叔精液注射,03-16
129939,FC2PPV-1033705初次拍摄甜美贫乳少女优奈19岁纤细身材搭配可爱小胸超级敏感接受生肉大力干到底最后内射喷发私摄,03-16
129928,FC2PPV-1035965独家模特爱音麻里亚未删减流出,03-16
129926,FC2PPV-1025816粉嫩E罩杯美少女怜娜20岁首次尝试女仆装现场高潮射精,03-16
129921,FC2PPV-1023980真人视频女生161cm大学生同学23岁第11次与大叔的怀孕诱导现场射精性爱重启,03-16
129918,FC2PPV-1022864私拍美由纪26岁敏感瘦长的出轨妻子被偷走并现场高潮喷射,03-16
129916,FC2PPV-1024085私人拍摄奇迹双子妈最强美女妻子NO2栗田似加料偷拍影像,03-16
129915,FC2PPV-1025305被丈夫遗弃酒店客房遭受陌生人的棒子凌辱快感的成熟妇人妻子,03-16
129914,FC2PPV-1029168全脸露美胸美臀美腿的傲娇美女前台24岁初野外裸露车内性爱羞涩户外和车内的激情游戏边流口水边连续高潮最后全身着装被大量射入阴,03-16
129913,FC2PPV-1025585篮球部3号自慰过度的私处恢复活力后进行了疯狂拍摄,03-16
129912,FC2PPV-1028558封存姐姐们的现场硬插性爱视频合集五部曲,03-16
129911,FC2PPV-1024274东京牙科诊所工作的Aki酱25岁首次尝试透视泳装两人互相舔弄私处最终在口中爆发大量精液,03-16
129905,FC2PPV-1027526可爱在校大学生梦梦20岁真实制服拍摄射精现场烤肉约会的她和激情中的对比萌化人心,03-16
129904,FC2PPV-1035007初次拍摄完全露脸棉花糖F罩杯美巨乳美腿令人眼花缭乱的色白美女23岁阴道内大量生中射精装清纯其实很浪荡的公司职员融化般的超色情,03-16
129902,FC2PPV-1034741私摄25岁丰满F罩杯美少女初次大喷射,03-16
129901,FC2PPV-1034992变态孕妇萌华小姐九个月真实射精性爱个人拍摄,03-16
129899,FC2PPV-1023080首次拍摄射精据说曾有人在3秒内失去生命极度敏感的私器与20岁惠体时尚少女的偷拍性爱每次撞击都让我几乎要窒息努力控制着不让高潮,03-16
129897,FC2PPV-1034996爱纱小姐的个人拍摄私密性高潮九个月未满足欲望的中出射精,03-16
129896,FC2PPV-1025147同好之人以朋友心态拍摄的自拍第六弹honami,03-16
129894,FC2PPV-1026219美少女闺蜜的性感美少女趁她睡觉时偷窥她的屁股结果全被发现了,03-16
129891,FC2PPV-103352120岁大学生妹子被射精,03-16
129890,FC2PPV-1025341普通OL彻底沦陷阴道刺激让她无法停止痉挛理智崩溃,03-16
129888,FC2PPV-1023679初次拍摄完全露脸16446的纤细美少女与偶像一样可爱的黑色短发18岁请求阴道射精一年后的性爱使处女无毛阴部湿润至极过于性感的眼神,03-16
129886,FC2PPV-1035070暗黑帝国新星樱羽的私密作品外泄,03-16
129883,FC2PPV-1025440超级可爱的优酱18岁时泄露的视频自慰篇,03-16
129880,FC2PPV-1025308全脸露馅14942的少女体型像初中生一样的可爱萝莉纯真黑发美少女首次体验SM玩法眼罩束缚调教性爱中羞耻感与理性丧失阴道高潮连连爆,03-16
129878,FC2PPV-1025281眼镜清纯正经大学生SAYURI,03-16
129873,FC2PPV-1033574超浓射精天然朴素萝莉成长期胸部声优似女儿用成人阴茎玩弄纤细幼小身体的Cosplay性爱真的爽翻了啊美臀刺穿冲刺子宫深处过于快感坠,03-16
129870,FC2PPV-1023726拍摄欲超强个性超级可爱的美少女现场射精,03-16
129868,FC2PPV-1027587极品美人夫人全裸内射,03-16
129867,FC2PPV-1033267首播瘦长美少女初次高潮的快感纯真的小胡须带您体验极致欢愉个人拍摄免费提供口交服务哦,03-16
128882,FC2PPV-1039348身高170厘米的清纯长腿美少女酱送上浓精盛宴,03-15
128889,FC2PPV-1039224超瘦美人现役时尚杂志模特20岁大学生,03-15
128890,FC2PPV-1039116个人拍摄约会中的男友叫来女友企图带她去酒店内射精却被担心的男友电话打断有男友,03-15
128892,FC2PPV-1039073初次拍摄活力四射的现役大学生小沙子19岁超能干丰满少女用大叔技巧狂爽高潮连续中出,03-15
128894,FC2PPV-1042868白皙瘦长美乳美臀美腿23岁美人接待小姐,03-15
128896,FC2PPV-1041285美女孕妇性感眼神的莱娜老师,03-15
128910,FC2PPV-1064256漫步体验式调教从温柔到激烈精英OL凉子的性进化之旅,03-15
128915,FC2PPV-1043404平胸E罩杯美少女怜娜20岁警察cosplay现场活塞高潮射精,03-15
128918,FC2PPV-1039054有故事女孩已怀孕六个月,03-15
128922,FC2PPV-1041527萝莉大奶妹,03-15
128923,FC2PPV-1039419绝美大阴茎真人棒插玩具刺激内射招募而来的大叔,03-15
128926,FC2PPV-1042993初次偷情首次现场拍摄初次射精初次制服全力释放的大学生优香毕业纪念中途忘记戴口罩露脸了,03-15
128928,FC2PPV-1029929现场肛交直射精液将阴茎插入这个洞来回移动直到在体内排出精子,03-15
128929,FC2PPV-1041229不射三两发全射JD小真酱的爆发无授权内射,03-15
128925,FC2PPV-102704321岁大二女生姉首次偷情献给未知胖妹体型的陌生男子甜品公司内定生初次揭露其丰满圆润的甜点系身材秘密,03-15
128921,FC2PPV-1040974私人拍摄好友氛围下进行的偷拍第九弹馨香,03-15
128920,FC2PPV-1039838绘色千佳流出第一部,03-15
128917,FC2PPV-1026568首次拍摄原创全身心射精三连发,03-15
128913,FC2PPV-1028599处女18岁少女的第一次我没完全理解就直接插入并射在里面了呵呵,03-15
128911,FC2PPV-1040071长谷川流衣泄露作品第三部,03-15
128909,FC2PPV-1039795辰巳泄露首部作品,03-15
128905,FC2PPV-1040630私密诱入酒店的美女妻子被陌生人的棒子玩弄后在家等待儿子归来,03-15
128904,FC2PPV-1042807私拍36岁美乳性感熟妇被狂射精液的困扰淫荡长腿美女,03-15
128903,FC2PPV-1039699流出的风香菜芽,03-15
128901,FC2PPV-1040073长谷川留衣流出第二部,03-15
128899,FC2PPV-1042704极度挑逗性感美奶妈咪琪过于色情让人欲罢不能的强力直播高潮性交无法停止的喷射式射精爱液注入深喉满足感私人拍摄,03-15
128898,FC2PPV-1039683绘色千佳流出第三集,03-15
128895,FC2PPV-1040072长谷川留衣流出第一集,03-15
128893,FC2PPV-1031052屈服于欲望与邻居便当店阿姨41岁的激情一夜超辣真实私摄熟女初体验,03-15
128888,FC2PPV-1041185丰满紧致女总裁的妻子醉后主动献身现场实拍,03-15
128887,FC2PPV-1038288暗恋少女初次拍摄超朴素大奶妈喷水射精全课程提供手淫口交大腿奉承感觉要射了就说出来在乳头刺激下让阴茎兴奋的神技榨取精子无马,03-15
128886,FC2PPV-1042379私摄篮球队两人组3P为毕业旅游基金合体行动,03-15
128885,FC2PPV-1041784丝袜撕裂换装即射精液在久违的婚外情秘密聚会中带去了18岁的小妻子玩具结果却被玩具虐待将我变成M男的恶魔般痴女他人的妻子,03-15
128883,FC2PPV-1039255推荐新品私人拍摄酒吧女郎模特穿上透视内衣和热裤参加Cosplay摄影活动,03-15
128880,FC2PPV-1042132无极度挑逗的腰部自由舞动假称检查拍摄高个子D罩杯少女23岁私密照,03-15
128879,FC2PPV-1042028红衣银行家凉子提前下班常规酒店臀部主观游戏购买奖励是高清ZIP文件和评论特别活动是在私人小酒馆约会中发生的事情,03-15
128878,FC2PPV-1038964私人拍摄青梅竹马19岁丰满I罩杯胖次无痕美少女被狂射,03-15
128877,FC2PPV-1040148上原瑞恵高清流出第一弹,03-15
128876,FC2PPV-741434首部拍摄为了赚取学费而决意出演的19岁大学生面对想要我放入什么的问题出乎意料地回答了振动棒她有点淫荡属性特别喜欢口交和69姿,03-15
128873,FC2PPV-1043861爱音麻里亚流出第四个作品,03-15
128872,FC2PPV-1042690私摄无套出轨孕妇的禁忌三人行高潮性爱1木乃美预产期临近科那茨9个月,03-15
128871,FC2PPV-1038544初次拍摄全脸露馅前电视台主播阿雅般的迷人笑容令人兴奋24岁丰满细腰敏感美女的亲密接触与激烈性爱,03-15
128870,FC2PPV-1042528非专业拍摄全程露脸私密场景写真场景接待室里的湿吻与面部喷射口水满满酒店性爱北条莉絵,03-15
128869,FC2PPV-1039678绘色千佳流出第二集,03-15
128868,FC2PPV-1040032露点上围女神Julia,03-15
128867,FC2PPV-1040158上原瑞惠高清流出作品第一集,03-15
128866,FC2PPV-1039993真实视频女生21岁大学生小事情20岁首度怀孕对偶像级美少女进行大规模人工受孕现场射精,03-15
128367,FC2PPV-1073663无素人自拍史上最湿的丝线拉扯外表像酒吧女郎但性格随和可爱到让人想收养的女儿级紧致阴部一发到底射精完毕已同意的深夜偷袭,03-14
128382,FC2PPV-1076893讨厌好硬啊正在被大屌深深吸引的乃香只有19岁性感姿态导致完全勃起美丽地口交并发射出大量的精液,03-14
128378,FC2PPV-1074782细腰天然软萌大奶18岁颜美少女现场实拍达西娅折扣无个人拍摄,03-14
128366,FC2PPV-1074351初次拍摄超级放荡的少女乃香19岁喜欢H的大乳头女孩好奇心过强超淫乱口交紧致阴道生插入高潮迭起的射精性爱个人拍摄,03-14
128365,FC2PPV-1070117奇迹的40岁美大胸俄罗斯熟女I罩杯95cm家庭主妇在幼儿园经营事业户外楼梯裸露羞耻双胞胎妈妈现场射精,03-14
128364,FC2PPV-1073496私摄第28集县立K2美少女混合浴温泉之旅,03-14
128348,FC2PPV-1079303私密为了不让孩子们发现无法忍住偷袭美丽妻子的后背,03-14
128309,FC2PPV-1068494在校女学生莉绪酱21岁电击按摩高潮大喷射,03-14
128311,FC2PPV-1078351顶级模特美女回归身高172厘米的长腿细腰模特seichan首次群P连续现场射精,03-14
128307,FC2PPV-1081527长腿美女妻子穿上7cm高跟鞋,03-14
128312,FC2PPV-1068236尝试用前任偷鸡男友们在场时公然展示私处并口交朋友也参与进来后首次三人行变态制服女孩兴奋不已的素人,03-14
128325,FC2PPV-1074387超级诱惑美胸大喷射性感至极的茜小姐难以移开的目光被她过于销魂的裸体和浓烈口交深深吸引现场拍摄,03-14
128327,FC2PPV-1072532在校大学生Sara酱的私密约会合辑紧致丰满身材首次群P连环高潮喷射个人实拍记录,03-14
128328,FC2PPV-1069741美少女莉绪小姐工作时戴眼镜啦我私处比自慰棒更舒服请给我真实的阴茎真的太爽了直接插入后20秒就射了,03-14
128331,FC2PPV-1076842细长黑发美少女白皙优等生高中生18岁制服状态下被强灌羞耻与兴奋下粉色萝莉阴部洪水泛滥最后是初次体验的面部喷射,03-14
128332,FC2PPV-1070204私摄无传说中的恶魔系美少女孕妇降临与性友美少女的亲密个摄内射性爱,03-14
128338,FC2PPV-1070490同性恋三人行本想观赏同性游戏却忍不住闯入的三人组戏码佩戴阴茎带的美少女零子与精英OL凉子的震撼三人组,03-14
128343,FC2PPV-4850395无套直射3次皮肤雪白光滑的漂亮女职员首次光临因预约紧张让您久等了,03-14
128344,FC2PPV-1078339无个人拍摄模仿美少女的超可爱现役酒吧女Misa酱21岁在事后亲吻和甜蜜调情乐此不疲,03-14
128360,FC2PPV-1066899成熟美女模特现场实拍怀孕高潮性爱超色情现役模特女友失控画面请欣赏含用餐及枕边谈话,03-14
128370,FC2PPV-1079307肤色修长美少女F罩杯大胸19岁大学生无毛萝莉阴部现场插入像不知脏污的小学生一样纯洁粉嫩的阴道口里流出,03-14
128369,FC2PPV-1080990偷拍传说S级萝莉美少女第三集处女再失悄悄肛交虐待天真无邪演技零的真枪实弹中出,03-14
128374,FC2PPV-1074773偷拍传说级S级萝莉复活肛交实况首度性爱体验臀部震颤到失控的完美杰作,03-14
128380,FC2PPV-1082463超人气美少女优奈裸体群P回归上集贫乳乱交连发射终于等到的裸体群P让参与者极度兴奋私摄,03-14
128394,FC2PPV-1073885翘臀戴着眼镜的女学生小沙25岁与双涡轮散步调教在眼镜穿着游戏中的美丽翘臀理科女生疯狂状态,03-14
128395,FC2PPV-1077606E罩杯美香酱的超级口技与臀部运用浓烈的中出,03-14
128397,FC2PPV-1076546精英女职员凉子戴上全头面具享受被当作性处理人员对待的宠儿之路,03-14
128398,FC2PPV-1071985初拍摄全脸露馅168cm45kg长腿美女模特般的身材完美肌肤细腰C罩杯美眉的浓稠精液满载注入阴道,03-14
128401,FC2PPV-1080825翘臀小蛮腰落魄精英理科女孩莎拉25岁主观口交屁股玩法只要你喜欢这种变态女人可以接受多个计划,03-14
128404,FC2PPV-1069102初次拍摄肤色白皙美丽肌肤完美胸部的三十五岁熟女老师私密失身连发两次现场射精,03-14
128408,FC2PPV-1082943再次遇见那位短发美女治愈型辣妹悠闲性爱大量射精,03-14
128409,FC2PPV-1072310私摄好友诱惑以朋友身份偷拍-雪奈,03-14
128410,FC2PPV-1066449东欧顶级美女接受日本大叔精液注入,03-14
128411,FC2PPV-1082469超人气美少女优奈私密偷拍再临下篇贫乳群P连发射高潮终于等到的私密偷拍活动参与者兴奋不已,03-14
128407,FC2PPV-1081114初次拍摄全脸露出满满幽默感笑容迷人的21岁大学生美来酱甜蜜亲热性爱现场直击真实射精,03-14
128403,FC2PPV-1074367完全露脸续集G罩杯美巨乳色情少女21岁在极致的诱惑下疯狂高潮紧致绝顶的私密之地再次受孕内射双发私人拍摄,03-14
128402,FC2PPV-1074033疲惫放纵第三集让我满足的狂风小姐请尽情释放吧个人拍摄,03-14
128400,FC2PPV-1074337小心过度高潮给予JD真子小姐女士格效果惊人个人拍摄,03-14
128393,FC2PPV-1071419将G11小姐捆绑进行两次肛交并在其乳头上挂上铃铛进行了轻微的SM行为个人拍摄,03-14
128391,FC2PPV-1079076未剪辑私摄背着男友的秘密约会因寻求治愈与有男友的她发生的事导致最终接受了按摩服务治愈声线,03-14
128388,FC2PPV-1067291浓情牛奶注入vs校花美少女米优的极致内射性爱狂欢私摄,03-14
128387,FC2PPV-4850984首度拍摄露脸无套现场射精通过匹配软件认识的公主立即激情性爱至高潮内射,03-14
128386,FC2PPV-1067710在校大学生她当时的诱惑泳装立即湿润的私处湿漉漉超级大奶和全裸拍摄真实个人作品,03-14
128385,FC2PPV-1070205私摄无传说中的恶魔系美少女孕妇降临性友美少女怀孕五个月的专属肉体容器五个月琪琪二,03-14
128384,FC2PPV-1072770平成最后的我20岁了向现役高中生女学生祝生辰快乐特别献上大喷射,03-14
128381,FC2PPV-1068259私摄好友诱惑以朋友的身份偷拍了她第12集大麻,03-14
128379,FC2PPV-1075509平成最后的兄弟之作感谢大促销清纯女高中生平成最终能否现场直播,03-14
128376,FC2PPV-1070215再次降临的热门美妈米奇莱科的双人哺乳盛宴,03-14
128375,FC2PPV-1081821初次拍摄的首场高潮喷射这苗条身材配上这对胸不公平啊湿润的私处最后深埋至内个人拍摄,03-14
128372,FC2PPV-1074405私摄无套怀孕九个月的温柔美美再次回归喜欢生爱抚连续高潮未中断让她内射了九个月美美22岁,03-14
128368,FC2PPV-1073321重新上传私摄礼服全裸写真深夜SA口交喷射酒店性爱北条莉絵,03-14
128362,FC2PPV-1076583私摄好友趣玩偷拍第十四弹理智,03-14
128359,FC2PPV-1076287无素人私摄无家可归没钱然后射精了和男友吵架后离家出走计划在公园露宿的性感叛逆少女被我成功留宿家中全程记录下将她诱惑并让她,03-14
128358,FC2PPV-1080530无素人自拍只来卖内衣结果就这样被插入超级美型高配敏感高潮少女的骑乘位腰部动作和吸吮声简直太刺激了,03-14
128357,FC2PPV-1069650深藏不露的温暖流出东京宅女小麻子新晋OL22岁趴着展示完美臀部,03-14
128356,FC2PPV-1069727首度拍摄全程露脸身高158cm体重65kg拥抱感满分的丰满G罩杯美乳笑容迷人的敏感OL绿小姐22岁现场直击激情一刻,03-14
128354,FC2PPV-1075434尝试与寡妇玩乐精液贪婪的性爱第二部分由阿兹伦和扶桑姐姐主演的寡妇个人拍摄,03-14
128352,FC2PPV-1074955初次拍摄全程露脸顺从敏感受虐狂女儿爱抚子的尖叫痉挛性交现场射精高潮澎湃,03-14
128351,FC2PPV-1079855住在静冈县超市收银员酱具体年龄未知扭动着娇小的150cm身姿可以给我里面的心脏哦,03-14
128347,FC2PPV-1076137私摄珠宝店工作的30岁已婚五年妇人渴望尝试非被动的性行为,03-14
128346,FC2PPV-1082608年龄差小清新真实家庭主妇穿着短裤现场高潮连发一夜情肆无忌惮哈哈,03-14
128345,FC2PPV-1070175羞耻感超过裸露穿着变态服装让下体湿透的夏美20岁喜欢在喉咙深处进行刺激性爱抚锁定阴茎被口中射精心情如何,03-14
128341,FC2PPV-1074117为我cosplay咖啡店女郎20岁小姐穿上Mikuko的衣服体验DD杯美少女的乐趣个人拍摄精选,03-14
128340,FC2PPV-1070866无需避孕套纤细美少女19岁阴道高潮连发即射实拍真实新手大胆全中射性爱公开感觉真好特别吗,03-14
128339,FC2PPV-1070266无剪辑个人拍摄别人的老婆爱奴3号被偷走的体验课假的吧常去的牙医竟然现身了手机被抓拍摄影会,03-14
128337,FC2PPV-1070306首次拍摄19岁复活后公开了推荐男士的偷拍与超可爱的娇小软妹初次完成性行为,03-14
128336,FC2PPV-1072787超级可爱的女孩对她做些色情的事情,03-14
128335,FC2PPV-1075263与性感美熟女激情怀孕性爱现役四十五岁模特的私密交往泄露请看我那淫荡女友,03-14
128334,FC2PPV-1074400完美露脸丰满诱惑身体小恶魔阿科回归,03-14
128333,FC2PPV-1071947精液溢出太多商店店员美少女F罩杯阿佐纱酱19岁无法说出欢迎光临的激情场面,03-14
128330,FC2PPV-1069961私摄32岁佳奈子湿润眼眸渴望被纯真无瑕的家庭主妇大量射精,03-14
128329,FC2PPV-1081463私摄好友同乐以朋友身份进行偷拍第15集春花,03-14
128326,FC2PPV-1072353首播大罩杯学生妹与初次男友的处女夜激情内射全过程私摄,03-14
128323,FC2PPV-4848304无套直射高挑身材五官精致的美女到访精心解开她紧致的身体期待她的放松反应,03-14
128322,FC2PPV-1072772奇迹般的超级可爱新人社员纪念献上大量射精礼物,03-14
128321,FC2PPV-1074341私摄无罩杯渴望满足的大奶头哺乳妈妈产后一个月的母乳互动极度兴奋深陷陌生人的棒子直至高潮并射精产后1个月梦乃,03-14
128319,FC2PPV-1069543回归的哥哥初次拍摄超级绝美女少精液狂射双连发,03-14
128318,FC2PPV-1070206新面孔与激进小姐的亲密服务私摄,03-14
128317,FC2PPV-4847064首拍无剪辑这就是美少女的真相这次是第一次拍摄色情视频的七七19岁E罩杯专业兼职在秋叶原做健康男性按摩这是健康的纪录片,03-14
128316,FC2PPV-1071430私密代替丈夫赚钱的家庭主妇在家中被两个男人侵犯并射精,03-14
128314,FC2PPV-1081458无全裸出镜性感可爱的孕妇过于敏感的少妇射精,03-14
128313,FC2PPV-1081681私摄推荐的夫人从初次插入到禁忌射精过于兴奋的身体无法拒绝,03-14
128310,FC2PPV-1069007此春放送刚入大学的巨物控辣妹大学生实拍偷拍,03-14
128308,FC2PPV-1082886完美降临女神超级美少女本性裸露射精游戏可爱女孩当然全射入,03-14
128306,FC2PPV-1081448青学院JD终章预告高潮不断深喉射精当然内射,03-14
127420,FC2PPV-1065506平凡文学少女在赏樱后脱下内裤直接在酒店偷拍性爱,03-13
127366,FC2PPV-1066822品牌服饰店员F罩杯超级巨乳阿祖麻酱19岁橡胶可以拿出来我行的哦与性感可爱的女孩进行现场插入随时,03-13
127369,FC2PPV-1060820G罩杯美大奶光滑好身材抗衰老路卡女士42岁现场射精额,03-13
127372,FC2PPV-1049588对白人萝莉进行眼罩遮挡深入湿润紧致的阴道多次让她喊出射在里面然后完成高潮,03-13
127374,FC2PPV-1065337强力射精合法S级萝莉干干净净清纯少女窒息连续痉挛快要疯掉了呢内裤贯穿子宫深处的活生生阴茎彻底堕落种男求孕等级大量精子,03-13
127382,FC2PPV-4858872熟妇在训练服状态下被狂插双玩具折磨至窒息尖叫高潮不停,03-13
127383,FC2PPV-1058323保证射中你哦美人腿姐姐用紧致阴道为你提供刺激服务,03-13
127391,FC2PPV-1059582瑜伽课后的凉子现场生肉臀部爱好者必看30岁精英OL的美臀与主观口交拍摄W旋转器振动器肛门振动器三重攻击,03-13
127404,FC2PPV-1062125胖胖的女友被其他男人捉弄导致的报应在电话里发生的混乱全过程公开后悔不已,03-13
127407,FC2PPV-1064316私人拍摄好友模式我偷偷拍了她-真里,03-13
127412,FC2PPV-1060748浴室垫上的假发妹角色扮演游戏细长手指缠绕的抽插与妖媚的骑乘位深蹲,03-13
127414,FC2PPV-1048473与金色萝莉共浴后射精,03-13
127425,FC2PPV-1056354公司本部工作的理科学女大学生25岁不想被发现办公室恋情接受调教的受虐狂美女翘臀细腰从后观看她的美臀玩乐,03-13
127429,FC2PPV-1061950长腿美女莫娜淡妆下私密刺激阴道紧致湿润至高潮喷射,03-13
127430,FC2PPV-1062063完全露出脸庞160cm45kg完美身材美丽大胸美肌模特美女20岁F罩杯JD酱的亲密性爱将精液大量射入阴道,03-13
127431,FC2PPV-1058855初次拍摄完全露出脸庞G罩杯美巨乳色情少女21岁被玩弄阴蒂超级敏感反应阴道湿润紧致的快感让她忍不住内射爆发,03-13
127434,FC2PPV-4859724白美女店员宠物店的尤物久违的大棒让她脸红啊高潮全身痉挛不已在湿润的私处中注入滚烫精液,03-13
127438,FC2PPV-1064946殿堂级现役大学生模特的绝妙身材刺激下她也难以自持地爆发性爱,03-13
127441,FC2PPV-4859770纯真又凶猛的怪物展现Z时代独特性癖的女孩被油腻大叔精液彻底浸泡淫荡至极,03-13
127454,FC2PPV-1066272邻居阿姨在社交软件上结识的平凡女儿约会成功一脱衣服发现她有着美丽肌肤的好身材,03-13
127461,FC2PPV-106151618岁顶级纤瘦美女的中出性爱首播特别篇三人行,03-13
127460,FC2PPV-106340819岁学生妹里纱现场高潮喷发,03-13
127458,FC2PPV-1059938涩谷新人裸露实拍,03-13
127456,FC2PPV-1057537成熟少妇裸露流出,03-13
127453,FC2PPV-1063013重生田调布系名媛熟妇美亚35岁的婚外情三人行双勃起阴茎狂吸吮狭窄阴道活塞式鬼头棒多次痉挛高潮喷射大量快感,03-13
127451,FC2PPV-1058978熟妇模特瘦长主妇裸照流出,03-13
127448,FC2PPV-1067811私密与失联美女妻子到酒店被插入巨大阴茎痛苦呻吟,03-13
127445,FC2PPV-1066372首次拍摄原创这脸高潮太厉害了美女大学生21岁和泉小姐双射两次,03-13
127444,FC2PPV-1057923纯新人3722岁长腿美少女被绑缚的激情性爱,03-13
127443,FC2PPV-1056981蚊香社会员流出,03-13
127442,FC2PPV-1061469首拍158cm88kg释放积聚的压力丰满身材的24岁千惠子与强力肉搏战现场射精,03-13
127439,FC2PPV-1058509私人拍摄卡娜20岁真实在校大学生二年级的现场性交三连击,03-13
127437,FC2PPV-1057905首次拍摄原创天使般的少女大学生连发两次射精,03-13
127435,FC2PPV-1065658超级喜欢舌吻大学生美琪的甜蜜高潮射精,03-13
127433,FC2PPV-4859848娇小可爱身高144cm的18岁毕业生在成人大叔面前请求被狠狠射出满身精液,03-13
127432,FC2PPV-1065001初次拍摄渴望成为舞蹈家的体育系mai18岁稀疏阴毛现场直插猛烈子宫内射精,03-13
127427,FC2PPV-1062953疲惫放空第三集让我看到你高潮的美少女山风小姐终于来了个人拍摄,03-13
127424,FC2PPV-1058380未剪辑私人拍摄面对禁止露脸的男友在手软妹子再次谈判结果偷情,03-13
127422,FC2PPV-1065991私拍麻衣21岁清新瘦长尖叫高潮小妻子的大量射精,03-13
127419,FC2PPV-1065082水希丽美大量流出,03-13
127418,FC2PPV-1064378超人气美少女优奈私密偷拍双人组贫乳群P连发射高潮终于等到的私密偷拍活动参与者兴奋不已,03-13
127417,FC2PPV-1065673纯新人38JD纱叶卡18岁动画音的清纯少女高潮不断射精不停,03-13
127416,FC2PPV-1057523初次拍摄全脸露出模特般的风格身高170cm的长腿纤细美受任人摆布被狠狠折磨多次高潮喷射生精液,03-13
127415,FC2PPV-1065081S级端庄美女姐姐146cmF罩杯口水横流的三人行性爱,03-13
127413,FC2PPV-1057262年轻妻子性感孕妇里卡小姐再次降临怀孕已近九个月面对女仆的激烈口交完全硬挺无法自拔毫不在意猛烈插射高潮迭起的中出性爱个人拍,03-13
127411,FC2PPV-1056603秘密在职美女模特的热恋性爱穿上纯白色比基尼后太诱人了直接发生关系了啊现场射精臀部喷洒附带甜蜜亲昵对话,03-13
127409,FC2PPV-1058263私人拍摄21岁清纯瘦长美胸双马尾美少女的大量射精,03-13
127408,FC2PPV-4857683私藏公开轻盈系初次拍摄射入丰满少女的湿润阴道,03-13
127406,FC2PPV-1059729私拍美怜28岁浓烈荷尔蒙满溢性感美女妻子的大量射精,03-13
127403,FC2PPV-4857985首秀性感前写真模特美女以拍摄为借口体验钓到的完美身材摇晃着D罩杯大奶认真教导粉红色私处,03-13
127402,FC2PPV-1066187即使不够成熟也想和大长腿小姐姐内射一次个人拍摄,03-13
127401,FC2PPV-1061219田径部美腿吸吮合法S级萝莉处女清纯少女为校服奉上服务不行啊会高潮的哦痉挛不停勃起与小鸡连续攻击至极限射精脸提取湿润精子作,03-13
127399,FC2PPV-1058210首次拍摄17岁女高中生可爱女儿流出未打码,03-13
127397,FC2PPV-1059836S级模特美少女初次拍摄全脸露出172cm长腿纤细模特儿酱的湿润浓烈Cosplay性爱,03-13
127396,FC2PPV-1063242无素人自拍我们是朋友吧从今天开始跨越界限的偷情好友超敏感3岁大的放荡姐姐与混乱性爱自拍,03-13
127395,FC2PPV-1067233参加派对的模特儿中出第二集豪华房间里的糖妈计划私人拍摄,03-13
127394,FC2PPV-1065527无醉得厉害却开启性感模式的花子小姐再次大战是酒后敏感增加的原因吗还是因为我的大屌头两次让她达到高潮,03-13
127392,FC2PPV-1063828初次拍摄全脸露出短发非常适合治愈型美女啦兰酱的竟然人生中首次露点,03-13
127389,FC2PPV-1058306私摄无套因为讨厌避孕所以怀孕了与兹分手的8个月孕妇非常喜欢生肉所以在面试时顺便让她享受了一次爽快的射精8个月望美22岁,03-13
127388,FC2PPV-4859019激情床更换进入超级变态模式承诺中出结算给像小猫咪一样哭泣的不良少女,03-13
127385,FC2PPV-1060326大胆露脸真实超级骚货卡琳小姐20岁第二集尽情品尝淫荡少女的身体作为回报的口交是极品哦最后确定怀孕了私人拍摄,03-13
127384,FC2PPV-4859688无剪辑肤色白皙美女性感身体医生世家的牙医大学预科千金手淫禁止阴毛私密处危险橡胶无激烈撞击多次高潮真实男性生殖器射精授精,03-13
127381,FC2PPV-106086022岁白皙美少女Miki蜜琪店铺营业员的真实身份是无法停止高潮的性爱星球人快射了不行啊颤抖着,03-13
127379,FC2PPV-1062503葵铃奈大量流出,03-13
127378,FC2PPV-1057191蚊香社流出熟女柳小姐,03-13
127377,FC2PPV-1065656私摄无罩杯怀孕的胖妇临产Kana子再次对陌生人的棒子发泄欲望巨兽紧致小阴部现场活塞运动后的浓情射精,03-13
127376,FC2PPV-4859003豪华七连发东京医疗行业职场美女秘书舌头玩弄阴茎时阴道湿透极度兴奋干咽面部喷射内射总计七次高潮训练严格塑造肉体器具,03-13
127375,FC2PPV-1061877私人拍摄绿川18岁受虐倾向刺激的病娇离家出走少女遭受集体射精,03-13
127373,FC2PPV-1065588彩美真果妈妈流出,03-13
127371,FC2PPV-1065439全脸露馅清纯型瘦高肤白大胸妹子小SAYA现场直射,03-13
127370,FC2PPV-1059170将诱惑植入泳池水底看我如何撩人制服美女大学生第二次大战精液流出特别篇私人拍摄,03-13
127367,FC2PPV-1056470轮奸四重奏纯真新人类特别篇关西北陆激情之旅第一集年轻妻子的性处理工具人肉器具腋下毛发,03-13
127365,FC2PPV-1062139挑战私密拍摄制服伊莉雅小姐的丰满诱惑无法抵挡,03-13
127364,FC2PPV-1066094再续初夜F罩杯柔软美大奶OL堕落美女和香小姐第二弹更加火热浓情变态口交与直插现场射精,03-13
126420,FC2PPV-4856864无射精少有经验的痴情女友被NTR比男友更让人心动的湿润阴道内射,03-12
126427,FC2PPV-4857001初次演出24岁A罩杯女职员美奈小姐的喘息声大到无法停止她的丑态在高潮中融化得令人窒息,03-12
126435,FC2PPV-1096827光洁私处多汁巨乳诱惑,03-12
126437,FC2PPV-1095082私摄穿着体操服的美少女初次三人行,03-12
126449,FC2PPV-1097500發育中的少女身材正在成長的D罩杯有男友的19歲女高中生被NTR生偷拍射精禁忌的背德性交在可愛天然萝莉陰道,03-12
126450,FC2PPV-1096587精华合集国宝级嫩穴SS级美巨乳勃起乳首摩擦口交手淫深喉海量射精,03-12
126451,FC2PPV-4859265超级美超瘦新晋小屌丝小姐穿上蓝校服和我搞上了性感篇,03-12
126464,FC2PPV-4858885C罩杯美少女速还钱舔了大叔的后果是私密手淫大公开,03-12
126467,FC2PPV-4857899工作的女神身材服饰店员丰满的E罩杯油润刺激轻松完成大量射精,03-12
126470,FC2PPV-4857680朴素的初女无妆容拍摄接受中年男人的欲望自然淡定地应对,03-12
126473,FC2PPV-4857487泳装冲田小姐大胜利两发高潮喷射深喉射精引发超强受虐狂快感,03-12
126479,FC2PPV-1094845初次拍摄原始私密地带令人兴奋至极明亮的成熟美女庆子老师激情交欢,03-12
126481,FC2PPV-1095859早泄神级阴道合集S级美巨乳18岁迷你清纯萝莉娘超越常识的怪物阴户奶水溢出至肛门天然湿润自慰,03-12
126484,FC2PPV-1095258私摄好友诱惑以朋友身份偷拍,03-12
126485,FC2PPV-1094564SS级18岁国宝级粉嫩美巨乳动画声浪欢叫天使,03-12
126486,FC2PPV-1095229无性生活女性顾问由子体验了振动棒散步决定成为母狗,03-12
126491,FC2PPV-1092969女生大学生美X酱18岁怀孕前的性奴隶肉体榨汁机,03-12
126492,FC2PPV-1093034想守护的纯真少女性经较少却坚韧的努力模样让人想要抚慰她年轻真好啊肤色雪白肌肤紧致嫩滑的大一新生小佳,03-12
126496,FC2PPV-1097224色情尼尔自动人形COS私人性爱接受对凉子的COS请求,03-12
126497,FC2PPV-4857177抗拒却接受射精的18岁巨乳美少女梅子玩具口交训练听她的动漫声音喘息的模样是必须一见的,03-12
126503,FC2PPV-4856961娇媚与纯真M属性无需问答的虐心射精调教,03-12
126501,FC2PPV-1097375私摄爱莉20岁羞涩黑发纯真运动员美少女的大量射精,03-12
126500,FC2PPV-1093013完全露脸身高175cm的运动员美腿少女薰酱超过百次男性经验的超级撩妹高手性爱就是运动吧经典语录爆发出高潮内射激情个人拍摄,03-12
126499,FC2PPV-1097653私拍18岁神奈川级美少女乃木坂奇迹的可爱性格软弱易受操控偶像级别的超可爱的脸庞沉浸在原始阴茎的刺激中蓄积浓稠精液进行大规模,03-12
126498,FC2PPV-4857663少女般的19岁F罩杯像偶像一样的脸庞进行顶级口交的美少妇在按摩结束后请求进行了实质性的性行为全程无剪辑射精,03-12
126495,FC2PPV-4857717露脸无这是最后的浓密黑发清纯大学生向着梦想奔跑真正的最后一夜性爱结束时彼此渴望着大喷射高潮,03-12
126493,FC2PPV-1092953奇迹的复活棉花糖E罩杯绝妙大奶肌肤如雪般动人少女19岁偶像级可爱美少女享受大量生中射精粉嫩阴道流出纯白真挚精液恳求着在体内射,03-12
126490,FC2PPV-1093411无藻周末特供美女清纯三人行现场射精,03-12
126489,FC2PPV-1093237私摄与同班同学共享信息三人一组进行了3P活动邀请熟识的女友去尝试和已婚有男友的同学一起使用陌生人的工具进行刺激体验,03-12
126487,FC2PPV-1093051志乃与逝去第二弹目标是喜欢生射精的性感女孩萝莉美少女佳代子成长了佳代子反击同性恋游戏高潮四人乱交大混战佳代子第11章志乃小,03-12
126478,FC2PPV-1095422初次拍摄紧致长腿美女老师纱由里小姐的体内大量射精后的子宫观察私摄,03-12
126477,FC2PPV-1094129与在职性感熟女模特在拍摄现场等待区的紧张偷拍现射从后门偷偷邀请立即高潮,03-12
126476,FC2PPV-1094801大公开怀孕6个月的可爱少妇再次登场D罩杯马脸娘Cosplay捆绑游戏现场射精,03-12
126475,FC2PPV-1095456续人气美妈再临米奇莱科温泉爱抚湿身乱伦全满溢母乳浓情3P直射私摄,03-12
126474,FC2PPV-4858569通过社交媒体报名的家庭主妇为了奖金升级最后甚至帮我手淫了,03-12
126472,FC2PPV-4857417无高潮射精172厘米的高个女王喜欢服务和折磨变态气质十足屁股洞张开尖叫不已最后高潮射精,03-12
126471,FC2PPV-4858454无双黑人巨棒诱小姐第1集强势美女激烈征服最后连续高潮射精的热力三P,03-12
126469,FC2PPV-4858283私摄户外口交与性爱双射中出淫荡过头的完美少妇再次和这么色欲旺盛的家庭主妇每天都想做第二部分原始欲望全释放的极致高潮性爱无,03-12
126465,FC2PPV-4857973无奇迹般的雪白H罩杯形状丰满度完美无瑕的美胸小脸配上这大奶简直是不公平爆乳狂饮中射精,03-12
126463,FC2PPV-4858187羞马爱清晰的两人三P性行为轮流射精疯狂互插,03-12
126462,FC2PPV-4859911时尚可爱20岁大学生全情投入的性爱体验紧致的小蛮腰和瘦长身材在现场高潮喷射满足大叔们的视觉盛宴全过程,03-12
126461,FC2PPV-4858357首映魅力爆表弹润美大胸与狡黠面容淫荡至极俘获男人的满分笑容擅自射入体内后被责骂笑,03-12
126460,FC2PPV-4859188美女模特儿MENES小姐经过千锤百炼的淫荡私处被玩具猛烈攻击直至射精完成无剪辑射精版,03-12
126459,FC2PPV-4858878最后的作品19岁青山学院大学生散发强烈荷尔蒙的白色纤细奇迹软体美腿丝袜美女让学长偷拍师脱胎换骨的本能性爱影像,03-12
126458,FC2PPV-4857896可爱过头PP天使卡塔恩常规cos超爱做爱瘦小里德卡克皮蛋犀牛从背后人工授精射精高潮特辑,03-12
126457,FC2PPV-4857426轮番替换美式大胸K罩杯连续翻滚让她高潮不断敏感到极致的快感如同美国梦,03-12
126455,FC2PPV-4858360露脸真实女孩前来做爱案例122美女超棒身材奇迹的大学生原羽毛球社团文科才女阿美20岁,03-12
126454,FC2PPV-4857995无黑人巨佬超可爱给日本美少女爱酱1的圣诞特别礼物现场射精,03-12
126453,FC2PPV-4859945纯新人首拍经历极浅羞涩可爱20岁美丽长腿瘦削女大学生真的害羞到不行喘息轻微但当阴茎插入时,03-12
126448,FC2PPV-1096824初次相遇阴蒂堪比阴茎的性感女大学生紫苑,03-12
126446,FC2PPV-4857642无真的超色情的高潮表情最棒近期性感增加成熟与可爱并存的程度非常出色干杯内射,03-12
126445,FC2PPV-1185516危险午夜高潮超模特级美女现场受孕种播性爱宝宝要诞生了危险日下体插入意外的生硬棒淫妇本能觉醒主动求精阴道紧缩臀部摆动大量射,03-12
126443,FC2PPV-1097612复活的成熟美女与小美游的战斗服无论多么性感的战斗服都无法让她输掉这场战斗,03-12
126442,FC2PPV-1097630超人气贫乳美少女优奈再次回归依然可爱至极私处紧致到爆满现场直击生插入射精全过程私人拍摄,03-12
126441,FC2PPV-1098017纯新人40岁希比克18岁萝莉身材现场插入外射,03-12
126436,FC2PPV-1094323边口中高潮边全身射精3P上下都是精液的离异校友男友施暴严重导致身体布满伤痕,03-12
126430,FC2PPV-1186384私摄穿着诱人泳装的透美酱让我们来啪啪吧,03-12
126429,FC2PPV-4856445粉丝突破十万日本爱好者知名影响力人物尽情品味其丰满的腰围和修长美腿的独特浓情性爱直至高潮喷发,03-12
126428,FC2PPV-4856928无套直射高挑完美散发着迷人香气的美女OL再次光临下班后看起来非常疲惫,03-12
126426,FC2PPV-4857085初次拍摄的平凡大学生高潮时口腔发射,03-12
126425,FC2PPV-1095715邻居便当店的阿姨41岁与她做爱后超级刺激熟龄非职业私摄,03-12
126424,FC2PPV-1095907私摄平凡大胸妹套膜脱落直接射精于是保持原样现场完成,03-12
126422,FC2PPV-109787019岁真天使为了支持梦想成为偶像的少女我私下拍摄了她笑声,03-12
126421,FC2PPV-1097618私摄无保出轨孕妇的禁忌三人行高潮性爱2麘预产期临近柚子9个月,03-12
125473,FC2PPV-1092932初次拍摄全脸露尽管纤细却有E罩杯的迷人胸部我尽情地对她进行了深入内射,03-10
125475,FC2PPV-1090779私摄好友诱惑以朋友的身份偷拍,03-10
125478,FC2PPV-1083920高中辍学生与长腿大胸美女的高潮体内射精,03-10
125479,FC2PPV-1087382文化女孩卡拉OK突然性爱尽管抗拒但无法抵挡,03-10
125480,FC2PPV-1084950素人自拍H罩杯丰满爆乳真实上床精液吞咽让我的短命朋友帮我练习偷拍身体接触最舒服的胖妹肚子饱足满足感,03-10
125487,FC2PPV-1085522俄罗斯女孩金发大学生在校内射精心理系美女JD户外大胆裸露,03-10
125488,FC2PPV-1089562哺乳妻子丈夫不在家时的偷情,03-10
125489,FC2PPV-1090645深喉盛宴超高速口交依然在线广瀬般的超级美少女,03-10
125492,FC2PPV-1092214女仆咖啡厅工作的美爆大胸妹,03-10
125499,FC2PPV-1091349超级色情高潮不断的小妞,03-10
125500,FC2PPV-1087968G罩杯大奶紧致护士生,03-10
125501,FC2PPV-1084019纯新人39JD纱也加,03-10
125504,FC2PPV-1092606丰满保险女郎由子29岁被合同诱惑首次在签署性爱承诺书后进行的床边营业,03-10
125505,FC2PPV-1088184超纤细身材C罩杯美乳长发可爱的萝莉脸20岁少女,03-10
125506,FC2PPV-1083165醉酒后变得超级色情的萌萌酱,03-10
125507,FC2PPV-1087669服装系女校毕业前夕,03-10
125508,FC2PPV-1087414拥有最强粉红乳头,03-10
125516,FC2PPV-1085533顶级美女再让大叔射精破裂的腹肌,03-10
125517,FC2PPV-1087912能做实事的风俗按摩小姐,03-10
125520,FC2PPV-1088192渴望在男友背后接受真实男性生殖器插入,03-10
125525,FC2PPV-1084793精英女白领凉子体验男士SPA运用学到的技巧,03-10
125528,FC2PPV-1086070诱惑以朋友之名,03-10
125530,FC2PPV-1088295最强的小恶魔系女学生孕妇穿着校服cosplay内射性爱,03-10
125531,FC2PPV-1084878美丽长腿层叠女士现场战术人体模型束缚性爱,03-10
125538,FC2PPV-1083591疯狂性爱清纯校服下满满高潮射精,03-10
125537,FC2PPV-1083916私摄无罩来自乡下的熟女负债累累的孕妇妈妈怀孕8个月的大肚婆摇晃着肚子喷射大量高潮当然以射精结束8个月菜优美23岁,03-10
125536,FC2PPV-1086340初次中出顺从的色情女儿弥生19岁男友深度活塞式生交电击按摩高潮喷射心跳加速的私密地带为怀孕做好准备的激烈射精,03-10
125534,FC2PPV-1084664绝密交往泄露现役模特的真实私生活激情性爱偷拍连续让性感熟女怀孕的高潮连发颤抖着喘息不停哈哈,03-10
125533,FC2PPV-1083688初次拍摄完全露出脸庞脱下后惊人隐藏美巨乳笑容可爱的19岁美女JD在镜头前羞涩发情性爱勃起阴茎被粉色无毛萝莉阴道紧紧吸吮大量生,03-10
125532,FC2PPV-1088503无藻周末专享真实尺度颜值与风格俱佳的美女现场射精,03-10
125529,FC2PPV-1087463F罩杯新手附赠特别影像读者模特JD小酱18岁在被捏F罩杯大奶的同时激烈地撞击干爽的阴道使她的神级乳房震颤不停,03-10
125527,FC2PPV-1088930私摄33岁哺乳妻子丈夫不在家时的偷情教学第一集充满征服欲的浓烈性爱让她满脸高潮,03-10
125523,FC2PPV-1089643与寡妇的特别第二集在接待室中享受她的熟女氛围个人拍摄,03-10
125515,FC2PPV-1091776全脸露馅现役律师小美首次野战活力满满的丰满身材与参与者激情群P连发高潮私人拍摄,03-10
125512,FC2PPV-1092877三次性爱冒险性感漫画老师被黑面具编辑袭击的山田精灵小姐色情篇个人拍摄,03-10
125511,FC2PPV-1083692无剪辑个人拍摄在偷窥版相遇的家庭主妇初次见面正在被偷走通过电话实时报告给丈夫感觉好极了我现在在里面NTR,03-10
125509,FC2PPV-1088525无藻敏感度爆表的年轻妻子泪滴喷射乳汁,03-10
125498,FC2PPV-1086304性魅力惊人进化酒吧到酒店的性爱再到留宿个人拍摄记录,03-10
125497,FC2PPV-1088319美大奶性感身材的夜店女郎爱拉再次降临浓烈过头的激烈口交猛烈撞击式骑乘位即将喷发多次高潮的私密地带现场射精,03-10
125496,FC2PPV-1092718私摄美纪20岁独特肉欲纯情大学生狂射精液,03-10
125494,FC2PPV-1090968喜欢受罚的深棕色肌肤美少女咲酱无法忍耐连续射精到极品阴道,03-10
125493,FC2PPV-1087421可惜的卖不出去的地下偶像微丑小萝莉G罩杯大奶子女孩害羞挑战初拍摄电波美女般的诱人身材摇摆不停23岁柚希小姐第一章,03-10
125491,FC2PPV-1088107超级可爱再次向女演员蛋蛋提出色情请求后她说如果要回去那就做吧,03-10
125490,FC2PPV-1091070初次见面裸露内射性格开朗的性感姐姐果然很色情个人拍摄,03-10
125486,FC2PPV-1084018射精现场S级瘦美少女初次三人行双孔同时插入,03-10
125485,FC2PPV-1088356美女双脚与小猫舰长雾小姐VS渣舰长绝对不让舰长的丁丁赢,03-10
125484,FC2PPV-1088204私摄从禁欲生活中解脱的秋田美女妻子在久违的射精快乐中沉醉,03-10
125483,FC2PPV-1092938无剪辑个人拍摄再来一次弹珠池的熟妇爱女士上次有点紧绷于是叫来前辈和我一起挑战双人淫荡熟女三人行,03-10
125482,FC2PPV-1090154惊讶于24岁认真可爱的男生私处大小远超想象记忆碎片No01,03-10
125477,FC2PPV-1091146私摄县立普通3高中长腿大胸吉他少女在床上尽情享受那快要溢出的胸部,03-10
125474,FC2PPV-1089582私摄羽毛球社团2号大屁股喷射,03-10
125472,FC2PPV-1090959完全露脸续集身高170厘米的长腿美女莫娜小姐S级美腿吸吮言语刺激与母性游戏爆发过于浓烈的口交无法忍耐再次现场射精私人拍摄,03-10
125471,FC2PPV-1092260无个人拍摄模仿爱酱的美少女吧啦吧啦穿上Cosplay后简直是天使戴着猫耳朵现场射精,03-10
125470,FC2PPV-1088406无非专业拍摄青春肌肤大胸纯情朴素大学生女孩的纤细但肌肉感的身体体验活塞运动然后满是美丽阴毛的大喷射已同意的夜间侵犯,03-10
125469,FC2PPV-1088180无剪辑个人拍摄深入探讨贫困女性网络咖吧难民的真实生活对居住在网络咖吧的陪酒女进行伪装采访并让她做些色情的事情网络咖吧难民,03-10
124722,FC2PPV-4855098女神F罩杯天使降临一年仅一次秘密约会偷拍黄色系硬毛下体射精,03-10
124723,FC2PPV-4854529满足老男人的反击擅长喷水的手工大婶让成熟妻子高潮,03-10
124724,FC2PPV-4854338性爱超级美女护士白天在护理院的屋顶上心跳露点性行为护士制服诱惑着欲望身体照顾得当,03-10
124726,FC2PPV-4856207酷似美艳女子的第二弹初次见面与一群陌生男子在制服状态下大规模群交濒临高潮满头大汗五人同时射精,03-10
124727,FC2PPV-4854105娇俏可爱18岁F罩杯地下偶像的亲密缠绵性爱让男人着迷的敏感阴部痉挛连续高潮的色情身材全射精,03-10
124734,FC2PPV-4856399魅力爆棚的可爱外资系OL蕾娜小姐为黑人服务口唇耳朵颈项与私处轮番插入并连发两次射精,03-10
124736,FC2PPV-4854796纹身咖啡店女招待忍耐墙式屁股振动刺激,03-10
124738,FC2PPV-4854677巧克力女仆提供口交与喉咙刺激服务发情时自慰高潮将阴道内射出大量精子的淫荡屌丝,03-10
124744,FC2PPV-4854971小草酱在眼前被好友强夺兴奋不已,03-10
124748,FC2PPV-4855092美少女穿着性感服装69度激情热恋性爱,03-10
124750,FC2PPV-4855259历代最美女性降临尽情享受顶级风格现场活塞射精,03-10
124749,FC2PPV-4855213无纯新人美丽可爱迷人单身女性彻底被侵犯私处电振动高潮手指喷射大棒强力撞击发出尖叫,03-10
124747,FC2PPV-4854364私摄34岁陷入中年少妇的温柔陷阱她甚至为我做了肛交,03-10
124746,FC2PPV-4855043嗷嗷叫最小150厘米大一新生最高翘臀G罩杯美少女舰载机滨风让她进行了满满射精人工授精性爱篇,03-10
124745,FC2PPV-4854526双射精精子黏糊糊的昨天男友今天大叔的精子抽取不够满足再来一份再要一个播放时间70分钟,03-10
124743,FC2PPV-4854672即插即射素人未修正甜美短发双马尾爱桥满满的制服女孩欲望听说最近变强了极度喜欢大阴茎的紧致阴道喷射清洁口交,03-10
124740,FC2PPV-4856210受虐狂觉醒入职即将满一年的女主播为缓解压力在卡拉OK展示美妙歌喉酒店内流出大量精液最后在床边被迫完成高潮射精,03-10
124737,FC2PPV-4855120AF春季首秀WBC让我惊讶的大屌仅与一人合作的素人六块腹肌18岁小chan初次见到大屌目瞪口呆见证奇迹的小chan请享受她的首次AF体验,03-10
124735,FC2PPV-4855067高潮喷射游戏尝试将喜欢做爱的神秘女子视为物品被彻底高潮喷射弄得一塌糊涂ww竟然这么脏了怎么办呢无法原谅最后直接灌入肚子和体,03-10
124733,fc2ppv-3186764小动物型女孩,03-10
124732,fc2ppv-3188131外表甜美的女研究生,03-10
124731,fc2ppv-3185934已婚女子误打误撞卷入一场秘密午后约会,03-10
124730,fc2ppv-3186374魅力非凡的女孩,03-10
124725,FC2PPV-4856335无高潮表情灵梦小姐双击钉打骑乘位榨取鬼式撞击大量射精,03-10
124721,FC2PPV-4854970冲击骑乘位爆发出道作嘴唇饱满的半月期次子酱性感臀部全力展开肤色白皙纤细的身体磨擦冲击全自动化自慰器插送敏感高潮连续射精完,03-10
123882,FC2PPV-4852091无感谢你美娜酱决定与天生偶像共度四天三夜的私密影像,03-08
123844,FC2PPV-4852010新手首拍20岁153cm36kg的瘦长Cosplayer初拍摄完成射精,03-08
123886,FC2PPV-4852024久违的回归无射精与美人的重逢深入热辣性爱男友无法满足她的她接受了大量的射精结束后露出的满意表情看起来很幸福,03-08
123888,FC2PPV-1112476美女同窗会重逢前女友美香,03-08
123894,FC2PPV-4853279无套直射上午拜访一位美丽有气质的单身女性顾客看起来有些疲惫,03-08
123893,FC2PPV-4853716首秀双射23岁完美身材的漂亮女儿无论请求什么好的哦对着雪白翘臀猛烈撞击让她不断喷出水花在粉红色私处里尽情深射,03-08
123892,FC2PPV-4851122夏日海边的美人鱼天然G罩杯业余乐队女歌手激情喷射浓精的三人组性爱,03-08
123891,FC2PPV-1112883六驱蕾娅小姐挑战初体验制服伊莉雅妹妹第二部丰满美胸满满汲取魔力私人拍摄,03-08
123890,FC2PPV-4852711豪华四连发纯真系地下偶像出道前夕课后秘密会面影像美丽身体接受四次发射,03-08
123889,FC2PPV-4852768大力揉捏超大胸G罩杯享受极致快感直至高潮内射满载需评论奖励,03-08
123887,FC2PPV-4853129超迷你C罩杯150CM大一新生完美小蛮腰G杯美少女舰载机滨风亲自示范自慰篇,03-08
123884,FC2PPV-4852925首次拍摄幼儿园老师的情欲无限五年后的性爱让她无法停止高潮在摇晃着F罩杯的美丽乳房时疯狂射精,03-08
123883,FC2PPV-4853585寻找合适自己的大阳具为满足欲望背叛丈夫的35岁熟妇全集,03-08
123881,FC2PPV-1110464附赠六大特别版电视台封面女孩禁止露脸的美少女20岁意外的被侵犯性爱的罕见影像揭露,03-08
123880,FC2PPV-4853828首秀帅气女生是欲望恶魔高潮喷射量惊人直接内射并面部特写满足为止,03-08
123879,FC2PPV-4854097无少女桑巴的胸部摇摆射精性爱屌丝大奶的摇晃自拍视频,03-08
123876,FC2PPV-1112674私摄19岁美女偶像级绝世美少女专为射精处理的性感仆役训练颈圈直击生肉棒激情交欢高潮迭起海量精子连续三次射入体内,03-08
123875,FC2PPV-4851262还未长出一根毛发的处女对拥有如同新生婴儿般纯洁美丽阴部的小女生进行了毫不留情的手淫未剪辑手射,03-08
123873,FC2PPV-4850852奉承极限价露脸无中18岁别忍了就高潮吧偶然发现的E罩杯丰满细腰少女禁欲一周的浓稠精子在体内,03-08
123872,FC2PPV-4853482无剪辑怀孕20周制服双峰黑色乳头的淫荡孕妇小姐观察怀孕中的私处敞开大肚子阴道全裸展示湿润极致近距离拍摄特别评论附送,03-08
123871,FC2PPV-48532743日后删除床被淹式的高潮喷射淫荡大学生她瞪着白眼发出浑浊的喘息声达到高潮两次内射入职前地狱般的开始,03-08
123870,FC2PPV-4854091无剪辑与短发制服美女的课后约会在敏感处连续高潮射精成熟18岁少女的种田式深入交配,03-08
123869,FC2PPV-4849816露脸无剪辑射精想被偷走一旦偷走尖叫喘息的放纵美少妇从正面到背面骑乘位彻底展现真我,03-08
123867,FC2PPV-4850836无前咖啡厅女郎当时的服装登场未经特别打理的自然卷发很诱人雪白肌肤与精致V型大胸摇摆最吸引人干杯后射精额外高清版本,03-08
123866,FC2PPV-4852929模糊遮罩30岁人妻沦落风月场所完整版,03-08
123865,FC2PPV-4848395白皙紧致大奶F罩杯变态妹上次迷恋的大屌难以忘怀再次出现不行啊再多点她彻底改变对极度敏感的身体喷射了大量的热精液,03-08
123864,FC2PPV-4853499无剪辑超可爱慢热型18岁校服秘密打工害羞又初学者的反应很可爱的口交站立式清理口交,03-08
123863,FC2PPV-4853229杰作阔别十载的初夜紧张至极的超级美女夫人纯真美巨乳据说三次射精后极度满足,03-08
123862,FC2PPV-4852502无震撼级美人黑发双马尾美女的纯真眼神无法抗拒对完美雪肌兴奋不已附赠特别版,03-08
123861,FC2PPV-1110936无非专业拍摄假装朴素其实喜欢受虐和大阴茎但却是病态的S控女儿从大胆裸露步行到疯狂高潮内射性爱伙伴之间的性行为,03-08
123857,FC2PPV-4847910私密成人运动的时光真实Cosplayer被cos装扮恶作剧用手自慰至全身湿透射出大量精液,03-08
123856,FC2PPV-4854014露脸真实女孩前来尝试刺激之事案例121马卡龙大胸美少女穿上紧身性感内衣的Maya20岁,03-08
123852,FC2PPV-4846825首秀银座瘦长酒吧女中华区浪漫约会时深情狂乱被大尺寸偷拍师温柔诱骗在高速后入式痉挛射精,03-08
123849,FC2PPV-4852781无露脸酷似吉由里子的超绝才女笑容可爱到犯规的素人用变态大叔的陌生棒高潮不断尝试让初见面的男人射精,03-08
123848,FC2PPV-4852001出道作品惊人销量记录的E罩杯震撼来袭,03-08
123846,FC2PPV-4853005第二弹2025年度瞩目大型事务所签约影响者活动前的偷拍竟然,03-08
123843,FC2PPV-4852641庆祝出道一周年的真实偶像粉丝未知的大奶偷拍大量射精,03-08
123841,FC2PPV-4851821无纯新人半熟女工作疲惫的叔叔被超级可爱的20岁少女治愈用超粗阴茎深入到深处来回摩擦,03-08
123840,FC2PPV-1111999重生绝世45岁校长老师连发两弹公园日晒户外展示振动棒高潮金发熟女现场手射胸部发射,03-08
123839,FC2PPV-4853851双摄无剪辑白日里是金融交易员夜晚变身纽约第一SM女郎的肛交与乳头连续射精Fauk,03-08
123838,FC2PPV-4853854独家秘密版本全脸露出NTR射精与我相差二十岁的公司总裁的妻子自愿成为NTR首次在FC2演出虽然我的欲望很强但丈夫却不肯满足我,03-08
123837,FC2PPV-4852372喜欢口交的她对阴茎情有独钟无法忍耐最终进行了口腔射精和体内射精最后我们一起达到了高潮,03-08
123836,FC2PPV-1111841未经许可生硬套集锦禁播嫩乳天使动画音前辈的棒子喜欢男友不如的超强力阴茎涂抹润滑粉色纯真私处彻底沦陷无马赛克所有内容都有,03-08
123835,FC2PPV-1110379私摄无最强的小恶魔系美少女孕妇在家进行亲密性行为现场射精第4集7个月琪琪,03-08
123832,FC2PPV-1110188私拍千叶20岁高敏感度水润丰满大学生集体射精,03-08
123831,FC2PPV-4852932为什么会硬起来对坚挺乳头的执着折磨使她从呻吟转变为高潮在站立后入式中美艳的女职员因膝盖无力而瘫倒,03-08
123829,FC2PPV-1112499私人拍摄好友同乐我以朋友的身份进行了偷拍第二十一集亚也子,03-08
123828,FC2PPV-4853421羽毛触感的虐恋体验让色情女穿上渔网丝袜慢慢玩弄令人惊叹的舌头运用忍耐液满溢插入后立场反转在最后腹部露出完成射精结局,03-08
123827,FC2PPV-4851397私摄因好奇而裸露身体的30岁家庭主妇在自慰时被折磨到几乎窒息地呻吟,03-08
123826,FC2PPV-1112668初次拍摄首次高潮初次射精全方位呈现的在校大学生私处纪念性的第一次发射,03-08
123825,FC2PPV-485205020岁I罩杯美少女主播的乃香全程无码实拍一夜两日私密温泉之旅欢笑与怀孕皆可性爱至极的深度种草体验,03-08
123824,FC2PPV-4852808舔爷泪眼盈眶清纯系受腹肌少女高潮喷液连发舔爷乱入四人组战前后双管齐下生中出精口内射精吞咽面部终结三击花小姐第四章退休作海,03-08
123823,FC2PPV-4851796露脸无中真的好有耐心呢瘦长美胸女神的龟头折磨能否赢得奖金输则接受真实射精决斗,03-08
123412,FC2PPV-1101665在Twitter上认识的清纯离家女孩我不想回家请我吃饭后带她回家结果超级主动,03-07
123414,FC2PPV-1103981好友模式我们进行了偷拍,03-07
123417,FC2PPV-1105545再次遇见S级美女完美身材F杯大奶白皙肌肤的由香,03-07
123427,FC2PPV-1107658无限高潮喷射水手服萝莉G罩杯大乳极小比基尼禁断G点生硬棒刺激开关全开喘息脸彻底沉迷泪与精液的湿润黏滑性爱,03-07
123444,FC2PPV-1100216超迷你骷髅装系制服让她怀孕了真正的射精,03-07
123452,FC2PPV-1095611再次与轻盈巨乳美少女内射最棒的拥抱,03-07
123446,FC2PPV-1105124萌妹JD麻央20岁我将让你怀孕射精紧握真实阴茎紧紧的阴道恶魔般的快感,03-07
123460,FC2PPV-1107452诱惑大波浪多汁比基尼美女20岁偷情阴茎涮羊肉紧紧吸附的湿润真空摇晃完美巨乳的色情口交,03-07
123461,FC2PPV-1106593肛交训练因羞耻感崩溃的兔子装萨拉换上尾巴插件与嘴套进行调教购买奖励是高清ZIP和独家角度,03-07
123505,FC2PPV-1101589超瘦长身材长发可爱的色白萝莉少女面容20岁女高中生制服下的现场性爱半哭的表情连续达到高潮天然的浓毛阴部流出纯白,03-07
123503,FC2PPV-1108552再来一次第三部口交与射精大总结整理了从2018年1月至3月的个人拍摄内容,03-07
123502,FC2PPV-1102917真人视频女性模特儿里X小姐21岁第四次以真实现场射精服务进行色情助孕,03-07
123500,FC2PPV-1107860初次拍摄全脸露馅丰满F罩杯美女大学生枫小姐现场射精,03-07
123499,FC2PPV-1106123美女双脚与大师的FGO在梅特利里斯科斯下真情实感流出当然射精了哦私人拍摄,03-07
123497,FC2PPV-1108451未剪辑个人拍摄在出轨公告版上认识的家庭主妇性需求不满的原因竟是早泄丈夫寻求欢愉的被偷走的妻子出现婚外情,03-07
123496,FC2PPV-1104231完全露脸续集喜欢H的贫乳少女小萌19岁精神分裂气质的色情女儿手淫刺激下意外大量高潮顶级口交至全勃起强力活塞式内射私人拍摄,03-07
123495,FC2PPV-1103737私摄美女年轻妻子本为赚钱所做与丈夫错过的久违行为她扭动着身体主动接纳陌生人的阴茎进入体内,03-07
123493,FC2PPV-1105691纯新人类42雏鸟24岁第二弹露脸禁令解除校服cosplay龟壳捆绑双连发,03-07
123492,FC2PPV-1109474美少女警告兴奋过度湿透的私处与巨大胸部性感至极的极品尤物明日香,03-07
123491,FC2PPV-1100873SS级萝莉美胸大奶头吸吮口交粉色纯洁私处理智崩溃无许可连续高潮服务全套第3集无马赛克额外内容全部包含,03-07
123490,FC2PPV-1101453私摄祈祷者21岁独特丰满F罩杯大奶的专业大学生狂喷,03-07
123489,FC2PPV-1108257私摄好友模式我们进行了拍摄第二十弹纳兹纳,03-07
123488,FC2PPV-1100234资助计划19岁女儿深吸吮充气棒因经济困难主动要求拍摄的大学生实习个人摄影原创,03-07
123487,FC2PPV-1107099诱惑我不要真枪实弹的大学生妹子穿着挑逗装从后面狠狠偷袭哈哈自拍新手,03-07
123485,FC2PPV-111018324岁傲娇美女前台接待私密温泉旅行现场生中出户外温泉羞耻性爱高潮迭起艳丽浴衣下的亲密缠绵导致尖叫阴道高潮与体内射精,03-07
123484,FC2PPV-1099972三大特典重生超强烈性激素初婚少妇柚香38首次三人行被两根陌生阴茎射到高潮不停敏感地带鬼式撞击子宫口紧贴真实交欢连续喷射精液1,03-07
123483,FC2PPV-1098375大奶坏女孩阳台开放性现场交配,03-07
123480,FC2PPV-1106023初次拍摄完全露出脸庞16444的超瘦身材像清纯派偶像一样纯洁无邪的18岁JD真粉红私处接受大量生中射精在尖叫的同时达到高潮的淫荡表情,03-07
123479,FC2PPV-1105769无遮掩大胸丰满紧致前下属32岁奈绪酒店秘密约会晚餐散发魅力的奈绪被邀请散步玩耍购买奖励是高清ZIP文件特别版100位观众可获得不同,03-07
123477,FC2PPV-1108801合集女神级18岁美少女艺人黑发清纯天然无限制制造肉爱器大喷射高潮服务第1卷GIF无所有附加内容都有,03-07
123476,FC2PPV-1103521初次拍摄全脸露馅敏感尖叫美少女梦想独立的美容师新手用大量精液弄脏了她干净的小阴部,03-07
123475,FC2PPV-1108470私摄无罩杯怀孕九个月的孕妇温柔的不良妻是经济拮据所以用他人的棒子做高收入兼职当然有射精性爱九个月佳子27岁,03-07
123474,FC2PPV-1107410再来一次第二部口交与射精大总结整理了2017年10月至12月的个人拍摄内容,03-07
123473,FC2PPV-1099822私摄26岁敏感瘦长高潮色情姐姐大规模射精,03-07
123472,FC2PPV-1101450高中同学聚会重逢撩妹美香初次调教及面具拍摄瘦长熟女美香像岛宽子购买特别奖励是常规高清ZIP和下一部作品的提前发布,03-07
123471,FC2PPV-1106330美女哺乳妈妈Miki在私密偷拍中疯狂自慰上下集合辑超大棒深入现场乱交连续射精至高潮迭起极度兴奋私人拍摄,03-07
123470,FC2PPV-1108918金色Cosplayer在漫咖店展示极致色情口交与吹阴素人自拍原创,03-07
123469,FC2PPV-1106071未剪辑个人拍摄平凡女孩探索地下偶像与私密摄影聚会的极限实验能走多远贫乳,03-07
123465,FC2PPV-1099969无痕后半露脸中年富婆假装应聘按摩撞上32岁浅野似女子一美,03-07
123464,FC2PPV-1109160全脸露出续散发强烈荷尔蒙的顶级身材小茜老师美腿深喉与浓情口交在淫荡的骑乘位性爱中直捣核心现场高潮喷射个人拍摄,03-07
123462,FC2PPV-1106314私摄无罩杯产后4个月的美女妻子渴望肛交调教变态闷骚淫荡背着丈夫进行种田内射性爱佐子34岁,03-07
123459,FC2PPV-1101931无剪辑限时特惠瘦长巨乳少女清纯系的肤色白皙大学生面部喷射大量,03-07
123456,FC2PPV-1108221成熟少妇垂乳大奶姨妈接受18cm全硬棒兴奋不已的素人自拍原创,03-07
123455,FC2PPV-1099340超级迷人丝袜拍摄前精心打扮捂鼻子喘息的变态美女办公室女郎绫子穿上透视中国装被侵犯后喷射出真情实感高潮自慰动态,03-07
123454,FC2PPV-1105887私拍静香20岁清纯款松软丰满大学生狂射精液,03-07
123453,FC2PPV-1098348在满员的网吧对一个被调教的年轻家庭主妇进行制服诱惑并强行让她穿着衣物发生性行为和射精她忍住声音颤抖着达到高潮极度兴奋绝对,03-07
123451,FC2PPV-1099181震撼合集无限高潮19岁少女粉嫩无毛持续尖叫的桃色乳头敏感度爆表超敏感桃红色勃起乳头小阴蒂不停喘息声连续狂喜膝颤高潮自慰Vol4无,03-07
123450,FC2PPV-1099908首度拍摄美到犯规的接待员独自享用的中出性爱个人拍摄,03-07
123449,FC2PPV-1108469地区篇身高约140cm的小个子美少女阴茎的快感太强烈了总共射精6次,03-07
123448,FC2PPV-1108497私拍娜琪19岁产后一个月超受欢迎的萝莉熟女刚产后的圆滚滚肚子在活塞运动下达到高潮连连为了寻找新的后代连发两次怀孕射精,03-07
123445,FC2PPV-1099353未剪辑个人拍摄在被丈夫出卖的出轨公告版上不知情前来的人妻震惊之余释放了压抑已久的欲望,03-07
123441,FC2PPV-1103474胖次甜美新婚妻子的偷拍首秀结婚两年无性生活的G罩杯24岁开始外遇了呵呵初次体验到极致生猛的现场射精和口交,03-07
123439,FC2PPV-1110132无X美女瘦长前女友美香与丈夫出差期间的酒店约会体验肛交带来的快感美香在肛门和阴道同时插入时觉醒,03-07
123437,FC2PPV-1104412初次拍摄170cm长腿瘦美少女的首度现场射精柔软身体的Y字平衡撞击不容错过个人拍摄,03-07
123435,FC2PPV-1101811F罩杯美巨乳OL和香酱的私密偷拍再临前篇后篇合集难以抵挡的诱惑男性们纷纷被吸引和香酱连续高潮喷射兴奋不已私人拍摄,03-07
123434,FC2PPV-1095851真实视频女生229号大学生小萌18岁首度尝试计划公开的偷情怀孕性行为笑,03-07
123433,FC2PPV-1108030纯新人43JD玛丽娜19岁全脸露真正的偶像级美少女电击按摩至高潮口中射精,03-07
123432,FC2PPV-1101759纯新人41JD纱织18岁第三集几乎全脸露女仆装束缚性爱尖叫求孕射精连发两次,03-07
123431,FC2PPV-1104211私摄无那位美智子竟然再次怀孕了连续怀胎八个月庆祝她生日的高潮性爱八个月美智子31岁有额外评论奖励,03-07
123430,FC2PPV-1106157私摄露脸mai酱20岁H罩杯的奶牛女仆请求怀孕我们毫不留情地进行了种田射精性爱,03-07
123429,FC2PPV-1099626全裸A罩杯母乳家庭主妇24岁猫耳Cosplay少女双性恋爱男女各二户外群交肛交无禁忌,03-07
123426,FC2PPV-1101566原咖啡屋层叠小姐20岁在阴道中高潮吧主人哦七驱涟酱的私摄合集,03-07
123424,FC2PPV-1102946捆绑高潮美丽长腿姐姐第2部束缚遮眼阴道抽插发射了个人拍摄,03-07
123421,FC2PPV-1099511熟妇幸运色欲实战约定禁止但还是被插入了民间自拍原创,03-07
123418,FC2PPV-1101030满满爱意丰满美人体内连发射精,03-07
123413,FC2PPV-1102095裸上阵激情颤抖的高潮表情25岁理学女学生沙拉在穿衣门前即刻尺度口交最终将自豪的美臀大量射出额外福利是常规高清ZIP和评论特别版,03-07
123410,FC2PPV-1109198可能的跑路销售即将结束哈哈提供咨询后强行带入酒店并立即拍摄偷拍为什么在做这种事情不顾一切地穿着衣服现场射精,03-07
122704,fc2ppv-3162394头发还没长长的年轻女孩,03-06
122727,fc2ppv-3161744一位五十多岁的离异妻子失业后穷困潦倒甚至连房租都付不起,03-06
122726,fc2ppv-3148788重视人际关系的姐姐,03-06
122725,fc2ppv-3145266因色情活动被捕获相似的美胸,03-06
122724,fc2ppv-3165007H罩杯巨乳,03-06
122723,fc2ppv-3139878已婚女子在一次秘密的午后约会中堕落,03-06
122722,fc2ppv-3157591超级可爱女孩,03-06
122721,fc2ppv-3185877一位黑皮肤女孩沉溺于性欲的海洋,03-06
122720,fc2ppv-3143729拥有令人着迷的美貌,03-06
122719,fc2ppv-3176207公立大学女学生,03-06
122718,fc2ppv-3183825两个女孩的群P派对,03-06
122717,fc2ppv-3148259无套内射性爱,03-06
122716,fc2ppv-3148780超级美丽的女人,03-06
122715,fc2ppv-3143305巨乳双人组,03-06
122714,fc2ppv-3170086前艺术体操俱乐部成员,03-06
122713,fc2ppv-3167395身材曼妙容貌姣好的女人,03-06
122712,fc2ppv-3180134一位成熟的少妇从担保人变成债务人后人生彻底改变,03-06
122711,fc2ppv-3176568害羞的素人女孩,03-06
122710,fc2ppv-3157966拥有粉嫩乳头身材火辣的巨乳美女,03-06
122709,fc2ppv-3158071娇嫩的已婚妇女,03-06
122708,fc2ppv-3140722身材火辣胸部丰满的18岁美女,03-06
122707,fc2ppv-3166743身材丰满的家庭主妇,03-06
122706,fc2ppv-3172487趁丈夫不在家时被内射,03-06
122705,fc2ppv-3167918从国外归来的高中英语老师,03-06
122703,fc2ppv-3141837皮肤白皙胸部丰满的美女,03-06
122702,fc2ppv-3139843臀部翘挺的女大学生,03-06
122701,fc2ppv-3144500拥有温柔甜美笑容的美丽女子,03-06
122700,fc2ppv-3139206我把攒了一周的大量精液注射到了她体内,03-06
122699,fc2ppv-3148905忙于抚养孩子的寡妇久违地渴望男人的性爱,03-06
122698,fc2ppv-3153040身材苗条的美丽佳人,03-06
122697,fc2ppv-3153387有着大眼睛和动漫腔的女大学生,03-06
122696,fc2ppv-3148777身材苗条的女大学生,03-06
122695,fc2ppv-3152610哪个男人不会被如此美丽的女人迷倒,03-06
122694,fc2ppv-3167772性欲旺盛38岁美艳人妻,03-06
122693,fc2ppv-3167662品学兼优留着一头乌黑长发女大学生,03-06
122692,fc2ppv-3164290她高潮时的呻吟声在兴奋的丈夫身边回荡,03-06
122691,fc2ppv-3164678皮肤白皙的美女,03-06
122690,fc2ppv-3176077高中刚毕业纯洁无瑕的铃美酱,03-06
122689,fc2ppv-3157552和付费喝酒的女孩喝醉后啪啪啪,03-06
122688,fc2ppv-3152589容貌姣好的网红,03-06
122687,fc2ppv-3176305淫荡的女孩,03-06
122686,fc2ppv-3176595在一家大型电信公司担任企业代表,03-06
122685,fc2ppv-3140461从乡下搬到东京的新人,03-06
122684,fc2ppv-3157503长得像后藤真希的放荡姐姐,03-06
122683,fc2ppv-3162905身材火辣拥有一双美腿的剖腹产人妻,03-06
122682,fc2ppv-3167107秋田美妻,03-06
122681,fc2ppv-3144487已婚成熟女性,03-06
122680,fc2ppv-3175870在珠宝店工作的少妇,03-06
122679,fc2ppv-3172883美丽的胴体,03-06
122678,fc2ppv-3139203被一个壮汉压在身下,03-06
122677,fc2ppv-3185083被迫接受惩罚的妻子,03-06
122676,fc2ppv-3171543奇迹美女,03-06
122675,fc2ppv-3158466一位严肃的地雷型偶像,03-06
122674,fc2ppv-3176295与名校毕业生的JD进行内射,03-06
122673,fc2ppv-3162385肌肤柔嫩光滑的少女,03-06
122672,fc2ppv-3157666年轻妻子在旅途中与陌生人放纵自己,03-06
122671,fc2ppv-3179287刚出院的希美沉浸在生存的喜悦中,03-06
122670,fc2ppv-3157617身材丰满腰肢纤细的美丽水烟吧女招待,03-06
122669,fc2ppv-3157592长相普通的文学处女,03-06
122668,fc2ppv-3139548令人惊艳的美籍混血美女,03-06
122667,fc2ppv-3143708有着养育孩子压力的少妇,03-06
122666,fc2ppv-3153042新婚少妇,03-06
122665,fc2ppv-3161824妻子在珠宝店后台与另一位男人享受性爱,03-06
122664,fc2ppv-3173634青春靓丽的外表,03-06
122663,fc2ppv-3175392一位五十多岁已婚妇女的家中遭遇突袭,03-06
122662,fc2ppv-3167112女子享受男子阴茎,03-06
122661,fc2ppv-3177175妻子被丈夫献身,03-06
122660,fc2ppv-3171736身材火辣胸部丰满的网红,03-06
122659,fc2ppv-3147932娇嫩的已婚妇女,03-06
122658,fc2ppv-3141795一位已婚妇女因养育孩子的压力而导致阴道疼痛,03-06
122657,fc2ppv-3164694美丽直率的女孩从未体验过性高潮,03-06
122656,fc2ppv-3165272无处释放的成熟人妻,03-06
122655,fc2ppv-3149453情人奴隶,03-06
122654,fc2ppv-3171930宛如神明的偶像,03-06
122653,fc2ppv-3169756不付利息的人妻,03-06
122652,fc2ppv-3171054身材苗条的妻子,03-06
122651,fc2ppv-3142751身材丰满的人妻,03-06
122650,fc2ppv-3152719身材苗条长着猫脸的少女,03-06
122649,fc2ppv-3184759某大型手机公司企业代表,03-06
122648,fc2ppv-3164700在游戏厅勾引的女人,03-06
122647,fc2ppv-3159882一位30岁的已婚妇女未能信守诺言,03-06
122646,fc2ppv-3142215超级美丽的俄罗斯女孩,03-06
122645,fc2ppv-3149403穿着校服的波波头女孩,03-06
122644,fc2ppv-3139041在游戏厅勾引的一位女性,03-06
121898,fc2ppv-3109471在咖啡馆约会后给她来了个内射,03-05
121903,fc2ppv-3134970这位已婚少妇真是个淫荡的性欲狂,03-05
121907,fc2ppv-3137681勾引男人的淫荡人妻,03-05
121908,fc2ppv-3126794新潟便利店女孩,03-05
121918,fc2ppv-3105570完全没有性行业经验的素人,03-05
121919,fc2ppv-3107533肤色白皙的超级可爱女孩,03-05
121920,fc2ppv-3113698长相酷似户田惠香的女大学生,03-05
121921,fc2ppv-3134763身材丰满乳晕巨大的女大学生,03-05
121924,fc2ppv-3105649丰满的妻子被强奸,03-05
121926,fc2ppv-3134767超级性感女孩,03-05
121925,fc2ppv-3108884成熟丰满人妻,03-05
121923,fc2ppv-3110378惊艳的美貌和傲人的胸部,03-05
121922,fc2ppv-3115823衣着整洁负责任的会计,03-05
121917,fc2ppv-3104613第一次和18岁的女孩发生性关系,03-05
121916,fc2ppv-3117161笑容甜美可爱的都市商科学校低年级学生,03-05
121915,fc2ppv-3115829身材苗条的女士,03-05
121914,fc2ppv-3112281娇弱的优等生,03-05
121913,fc2ppv-3106442东京游泳俱乐部苗条纤细的女孩,03-05
121912,fc2ppv-3109316热爱口交的现代女孩,03-05
121911,fc2ppv-3104930露骨的乳晕和小阴唇,03-05
121910,fc2ppv-3127371身材火辣胸部丰满的女学生,03-05
121909,fc2ppv-3104553长着娃娃脸的妻子,03-05
121906,fc2ppv-3137443怀孕的少女,03-05
121905,fc2ppv-3136402面包店的招牌女郎喝醉后,03-05
121904,fc2ppv-3116167沉迷于被内射的喷水人妻,03-05
